edad,genero,educacion,zona,nivel_ingresos,interes_politica,veces_ha_votado,ideologia,partido_preferido,confianza_gobierno,uso_redes_para_politica
56,Femenino,Universitaria,Rural,1665,5,10,Centro,Partido C,7,1.3
46,Femenino,Universitaria,Urbana,2023,1,8,Centro,Partido A,10,0.7
32,Masculino,Universitaria,Rural,117,2,4,Derecha,Partido A,4,4.1
60,Femenino,Universitaria,Rural,2024,4,11,Izquierda,Partido C,1,0.3
25,Masculino,Secundaria,Urbana,953,6,2,Derecha,Partido C,6,0.5
38,Masculino,Posgrado,Rural,1121,4,6,Centro,Partido A,2,2.3
56,Femenino,Secundaria,Rural,653,4,10,Izquierda,Partido A,0,0.9
36,Femenino,Secundaria,Urbana,1313,7,5,Centro,Partido A,3,2.5
40,Femenino,Universitaria,Urbana,1240,4,6,Izquierda,Ninguno,4,0.3
28,Femenino,Posgrado,Urbana,1846,8,3,Izquierda,Ninguno,2,0.6
28,Masculino,Universitaria,Urbana,755,7,3,Centro,Ninguno,9,0.3
41,Femenino,Primaria,Rural,2196,5,6,Derecha,Partido A,10,6.1
53,Masculino,Secundaria,Urbana,1599,7,9,Derecha,Ninguno,7,1.0
57,Femenino,Posgrado,Rural,1255,6,10,Centro,Partido A,6,0.8
41,Femenino,Secundaria,Urbana,1092,5,6,Izquierda,Partido C,5,0.0
20,Femenino,Universitaria,Urbana,1016,7,1,Centro,Ninguno,2,0.3
39,Femenino,Universitaria,Rural,1055,7,6,Centro,Partido B,10,1.1
19,Femenino,Secundaria,Urbana,1301,3,1,Derecha,Partido B,5,0.1
41,Femenino,Secundaria,Urbana,1075,5,6,Derecha,Partido A,4,1.4
47,Masculino,Secundaria,Urbana,816,5,8,Derecha,Partido A,8,1.2
55,Masculino,Secundaria,Urbana,1305,7,10,Centro,Partido C,5,2.9
19,Masculino,Universitaria,Urbana,698,4,1,Centro,Partido C,8,2.2
38,Masculino,Secundaria,Urbana,1393,4,6,Izquierda,Ninguno,4,1.2
50,Femenino,Universitaria,Urbana,1066,5,9,Derecha,Partido C,8,0.5
29,Femenino,Secundaria,Rural,1618,7,3,Izquierda,Partido C,8,2.6
39,Masculino,Posgrado,Urbana,1793,3,6,Izquierda,Partido A,9,2.5
42,Masculino,Secundaria,Urbana,1793,3,7,Izquierda,Partido A,3,0.3
44,Masculino,Primaria,Urbana,1391,4,7,Derecha,Ninguno,5,4.9
59,Femenino,Primaria,Rural,1461,4,11,Centro,Partido A,10,0.1
45,Femenino,Universitaria,Urbana,1006,1,7,Centro,Partido C,4,0.1
33,Masculino,Universitaria,Urbana,1607,8,4,Derecha,Partido A,7,0.4
32,Femenino,Universitaria,Urbana,1674,5,4,Derecha,Partido C,10,4.8
20,Femenino,Secundaria,Urbana,260,4,1,Centro,Partido C,0,1.5
54,Masculino,Primaria,Rural,1427,8,10,Izquierda,Partido A,4,3.1
24,Femenino,Universitaria,Rural,2021,6,2,Derecha,Partido B,5,0.5
38,Femenino,Secundaria,Urbana,986,4,6,Derecha,Partido C,0,1.3
26,Masculino,Secundaria,Urbana,855,5,3,Centro,Partido B,4,0.9
56,Masculino,Posgrado,Urbana,948,5,10,Centro,Partido A,2,3.5
35,Masculino,Posgrado,Rural,297,8,5,Izquierda,Partido C,8,0.0
21,Masculino,Posgrado,Rural,1276,5,1,Derecha,Partido A,0,0.6
42,Femenino,Universitaria,Urbana,1218,2,7,Centro,Ninguno,10,0.3
31,Femenino,Secundaria,Rural,1318,1,4,Centro,Partido C,7,3.9
26,Masculino,Secundaria,Rural,1450,8,3,Izquierda,Partido A,2,1.3
43,Masculino,Universitaria,Urbana,721,3,7,Derecha,Partido C,8,1.0
19,Masculino,Universitaria,Urbana,1364,6,1,Centro,Partido C,7,1.2
37,Masculino,Primaria,Urbana,1466,5,5,Izquierda,Partido B,5,7.1
45,Femenino,Secundaria,Rural,907,4,7,Centro,Partido B,3,3.8
24,Masculino,Primaria,Rural,1452,4,2,Centro,Partido B,7,2.5
25,Masculino,Universitaria,Rural,1248,8,2,Centro,Partido B,5,0.7
52,Masculino,Universitaria,Rural,821,2,9,Derecha,Partido A,3,0.4
31,Femenino,Universitaria,Urbana,1370,4,4,Centro,Partido B,1,5.1
34,Masculino,Secundaria,Rural,1026,7,5,Derecha,Partido B,2,1.1
53,Femenino,Posgrado,Rural,1618,2,9,Izquierda,Partido C,3,0.7
57,Masculino,Universitaria,Urbana,1057,8,10,Izquierda,Partido C,8,1.3
21,Femenino,Primaria,Urbana,426,7,1,Izquierda,Partido C,8,5.0
19,Femenino,Secundaria,Rural,1360,6,1,Centro,Ninguno,4,1.0
23,Masculino,Secundaria,Urbana,1338,4,2,Centro,Ninguno,4,1.7
59,Masculino,Primaria,Rural,551,2,11,Derecha,Partido C,8,3.2
21,Femenino,Posgrado,Urbana,1650,6,1,Derecha,Partido C,6,1.1
46,Femenino,Secundaria,Urbana,1619,10,8,Centro,Partido B,6,0.5
35,Masculino,Universitaria,Rural,678,5,5,Derecha,Ninguno,3,10.4
43,Femenino,Secundaria,Urbana,804,1,7,Izquierda,Partido A,5,6.3
51,Femenino,Secundaria,Urbana,1115,6,9,Derecha,Partido B,5,3.7
27,Femenino,Secundaria,Urbana,745,7,3,Centro,Partido C,5,2.3
53,Masculino,Secundaria,Rural,1584,3,9,Centro,Partido A,7,0.7
31,Femenino,Secundaria,Urbana,1289,4,4,Derecha,Partido A,7,4.9
48,Masculino,Posgrado,Rural,544,4,8,Centro,Partido C,2,0.6
32,Femenino,Universitaria,Urbana,707,4,4,Izquierda,Partido C,3,3.2
25,Masculino,Universitaria,Rural,1913,5,2,Centro,Partido C,3,5.0
31,Masculino,Secundaria,Rural,2121,3,4,Centro,Ninguno,9,1.8
40,Masculino,Primaria,Urbana,1523,3,6,Derecha,Partido A,10,3.2
57,Femenino,Secundaria,Urbana,1073,5,10,Centro,Partido A,4,3.1
38,Masculino,Universitaria,Urbana,936,5,6,Derecha,Partido C,4,0.4
33,Masculino,Primaria,Urbana,1530,4,4,Centro,Partido B,8,2.2
35,Masculino,Secundaria,Urbana,1246,5,5,Centro,Partido C,3,0.2
41,Femenino,Universitaria,Urbana,234,2,6,Derecha,Partido A,8,1.4
43,Otro,Secundaria,Urbana,1819,6,7,Centro,Partido B,5,0.4
42,Masculino,Secundaria,Urbana,2007,4,7,Derecha,Partido C,0,1.1
58,Femenino,Secundaria,Urbana,1642,5,11,Centro,Partido C,1,3.6
46,Femenino,Posgrado,Urbana,545,6,8,Centro,Partido C,4,8.7
32,Femenino,Universitaria,Rural,818,7,4,Izquierda,Partido B,9,0.8
18,Masculino,Secundaria,Urbana,100,5,1,Centro,Partido B,2,1.5
42,Masculino,Primaria,Urbana,2158,7,7,Izquierda,Partido A,3,1.4
24,Masculino,Posgrado,Urbana,986,4,2,Derecha,Partido A,6,6.2
26,Masculino,Universitaria,Rural,2600,4,3,Izquierda,Partido B,0,1.3
41,Masculino,Secundaria,Rural,2373,5,6,Izquierda,Partido B,6,2.4
18,Femenino,Universitaria,Rural,658,7,1,Izquierda,Partido C,0,5.1
25,Masculino,Secundaria,Rural,775,6,2,Izquierda,Partido B,7,0.9
41,Masculino,Universitaria,Urbana,1480,5,6,Centro,Partido C,3,4.6
28,Femenino,Universitaria,Rural,147,3,3,Derecha,Ninguno,2,5.0
34,Masculino,Secundaria,Rural,937,6,5,Derecha,Partido B,6,5.3
25,Femenino,Posgrado,Urbana,877,3,2,Derecha,Partido A,7,0.6
52,Femenino,Universitaria,Rural,2311,3,9,Derecha,Partido A,6,1.0
52,Masculino,Universitaria,Urbana,1297,3,9,Izquierda,Partido C,6,4.1
50,Femenino,Secundaria,Urbana,1029,5,9,Derecha,Partido B,6,0.9
22,Femenino,Primaria,Urbana,821,7,2,Izquierda,Partido A,6,1.8
59,Femenino,Secundaria,Urbana,1736,3,11,Centro,Partido C,6,0.3
56,Femenino,Universitaria,Rural,902,8,10,Centro,Partido A,4,0.1
58,Femenino,Secundaria,Urbana,1170,7,11,Izquierda,Partido C,7,1.1
45,Femenino,Universitaria,Urbana,817,2,7,Derecha,Partido C,3,1.7
24,Masculino,Universitaria,Urbana,289,4,2,Centro,Partido C,8,1.0
26,Masculino,Secundaria,Rural,602,3,3,Derecha,Partido A,7,1.7
25,Masculino,Universitaria,Urbana,899,6,2,Centro,Ninguno,10,1.4
29,Femenino,Primaria,Urbana,1042,3,3,Izquierda,Partido C,7,2.3
51,Masculino,Posgrado,Rural,1068,2,9,Derecha,Partido A,8,2.1
50,Femenino,Secundaria,Rural,1147,4,9,Izquierda,Partido A,0,1.1
40,Femenino,Secundaria,Urbana,907,7,6,Centro,Partido B,8,1.1
41,Femenino,Secundaria,Rural,2009,5,6,Izquierda,Ninguno,9,0.3
54,Otro,Secundaria,Rural,1769,6,10,Centro,Ninguno,10,1.4
52,Femenino,Universitaria,Rural,1119,6,9,Centro,Partido C,5,1.8
57,Femenino,Universitaria,Urbana,1353,2,10,Centro,Ninguno,4,1.3
39,Masculino,Universitaria,Urbana,977,3,6,Derecha,Partido A,2,0.8
44,Femenino,Secundaria,Urbana,100,5,7,Derecha,Partido A,2,2.6
52,Masculino,Secundaria,Urbana,1212,4,9,Derecha,Ninguno,5,0.2
18,Masculino,Primaria,Urbana,1383,8,1,Derecha,Ninguno,0,4.9
52,Femenino,Universitaria,Urbana,232,3,9,Izquierda,Partido B,3,0.0
54,Femenino,Universitaria,Urbana,1500,3,10,Centro,Ninguno,5,6.6
31,Masculino,Secundaria,Urbana,1032,6,4,Izquierda,Ninguno,5,1.2
20,Femenino,Secundaria,Urbana,1403,4,1,Izquierda,Ninguno,2,1.1
18,Femenino,Universitaria,Rural,1050,0,1,Derecha,Ninguno,1,0.6
22,Femenino,Universitaria,Urbana,1951,9,2,Centro,Ninguno,2,0.0
43,Femenino,Universitaria,Urbana,1336,3,7,Centro,Partido A,4,0.6
31,Femenino,Universitaria,Rural,1801,6,4,Izquierda,Ninguno,10,0.2
56,Otro,Secundaria,Urbana,1851,2,10,Centro,Partido A,8,2.2
44,Femenino,Secundaria,Rural,528,3,7,Izquierda,Ninguno,6,0.8
26,Femenino,Universitaria,Rural,757,2,3,Izquierda,Partido B,7,2.9
32,Otro,Universitaria,Urbana,1471,4,4,Izquierda,Partido C,8,0.5
32,Femenino,Secundaria,Rural,981,4,4,Centro,Partido B,7,4.6
43,Masculino,Universitaria,Urbana,1057,5,7,Centro,Partido A,4,1.5
59,Masculino,Universitaria,Urbana,1972,4,11,Izquierda,Partido B,2,0.2
30,Masculino,Universitaria,Urbana,1014,2,4,Derecha,Ninguno,5,1.0
49,Masculino,Universitaria,Urbana,619,4,8,Izquierda,Ninguno,8,0.5
56,Femenino,Secundaria,Rural,700,8,10,Centro,Partido B,4,0.4
49,Femenino,Universitaria,Urbana,2509,8,8,Derecha,Ninguno,2,1.4
21,Femenino,Universitaria,Urbana,1093,6,1,Centro,Ninguno,0,2.2
47,Masculino,Universitaria,Urbana,381,6,8,Derecha,Partido C,5,4.9
54,Femenino,Universitaria,Urbana,138,9,10,Derecha,Partido A,2,1.4
40,Femenino,Universitaria,Urbana,825,6,6,Centro,Ninguno,4,6.8
56,Femenino,Primaria,Urbana,1082,6,10,Derecha,Partido C,9,5.7
32,Femenino,Universitaria,Rural,1770,2,4,Derecha,Ninguno,5,4.0
60,Femenino,Universitaria,Urbana,1711,3,11,Centro,Ninguno,3,1.4
46,Masculino,Universitaria,Urbana,1196,5,8,Izquierda,Ninguno,6,0.3
53,Femenino,Universitaria,Urbana,927,3,9,Derecha,Partido C,10,0.5
30,Masculino,Universitaria,Urbana,1404,3,4,Derecha,Partido B,5,2.1
49,Masculino,Secundaria,Rural,151,3,8,Izquierda,Partido B,0,1.1
24,Femenino,Universitaria,Urbana,2389,2,2,Centro,Partido B,7,0.3
39,Masculino,Secundaria,Urbana,1592,3,6,Derecha,Partido A,6,1.3
45,Femenino,Secundaria,Urbana,1720,6,7,Centro,Partido C,5,0.0
19,Masculino,Universitaria,Rural,556,9,1,Centro,Partido C,4,2.6
59,Femenino,Universitaria,Urbana,1970,7,11,Derecha,Ninguno,3,0.2
23,Masculino,Secundaria,Urbana,924,6,2,Centro,Partido A,10,2.0
45,Otro,Secundaria,Rural,628,2,7,Centro,Partido C,0,3.2
45,Femenino,Universitaria,Urbana,1176,5,7,Derecha,Partido A,4,0.3
37,Masculino,Primaria,Rural,1162,5,5,Derecha,Partido A,4,1.5
47,Femenino,Secundaria,Rural,553,6,8,Centro,Partido A,8,3.0
28,Otro,Primaria,Urbana,663,4,3,Centro,Partido C,9,0.6
45,Masculino,Secundaria,Urbana,616,8,7,Centro,Partido A,4,0.4
42,Masculino,Secundaria,Urbana,622,5,7,Derecha,Partido C,6,0.8
56,Femenino,Secundaria,Urbana,967,5,10,Izquierda,Partido A,6,1.6
50,Femenino,Secundaria,Rural,367,1,9,Izquierda,Ninguno,8,1.7
18,Femenino,Universitaria,Urbana,785,5,1,Centro,Ninguno,8,0.3
44,Femenino,Universitaria,Urbana,1827,7,7,Derecha,Ninguno,3,1.2
30,Masculino,Universitaria,Rural,1694,6,4,Izquierda,Ninguno,6,0.6
58,Masculino,Secundaria,Urbana,570,1,11,Izquierda,Ninguno,6,3.7
20,Femenino,Secundaria,Urbana,1775,4,1,Izquierda,Ninguno,5,0.8
56,Masculino,Universitaria,Urbana,100,8,10,Derecha,Partido C,6,3.6
23,Masculino,Primaria,Urbana,2657,5,2,Izquierda,Partido A,5,1.1
25,Femenino,Secundaria,Rural,1980,6,2,Centro,Partido B,5,2.6
44,Femenino,Universitaria,Urbana,864,8,7,Centro,Partido A,1,1.4
26,Femenino,Universitaria,Urbana,1429,5,3,Derecha,Partido C,2,1.9
54,Femenino,Primaria,Urbana,359,7,10,Centro,Partido C,7,1.0
50,Femenino,Secundaria,Urbana,1236,6,9,Izquierda,Ninguno,1,2.9
59,Femenino,Universitaria,Urbana,1090,6,11,Centro,Ninguno,6,1.1
41,Femenino,Secundaria,Urbana,699,6,6,Derecha,Partido B,5,1.2
32,Masculino,Universitaria,Urbana,919,4,4,Centro,Partido C,8,1.5
49,Masculino,Universitaria,Rural,860,4,8,Derecha,Ninguno,7,3.6
49,Femenino,Posgrado,Urbana,521,3,8,Derecha,Partido B,4,2.2
41,Femenino,Secundaria,Urbana,685,2,6,Izquierda,Ninguno,4,0.9
58,Masculino,Universitaria,Urbana,335,7,11,Centro,Partido A,0,2.2
29,Masculino,Universitaria,Rural,1714,5,3,Izquierda,Partido C,5,2.1
56,Masculino,Secundaria,Rural,641,7,10,Centro,Partido B,1,5.3
19,Masculino,Secundaria,Urbana,467,8,1,Izquierda,Ninguno,4,3.7
20,Femenino,Universitaria,Rural,1705,5,1,Centro,Partido C,3,2.1
54,Masculino,Secundaria,Urbana,1422,2,10,Derecha,Partido A,2,0.8
34,Femenino,Secundaria,Urbana,1683,5,5,Izquierda,Partido A,9,3.0
19,Femenino,Primaria,Urbana,1750,4,1,Derecha,Partido B,1,1.7
19,Femenino,Universitaria,Urbana,2362,1,1,Izquierda,Ninguno,2,8.4
45,Femenino,Universitaria,Rural,1106,4,7,Izquierda,Ninguno,3,0.6
40,Masculino,Universitaria,Urbana,325,5,6,Derecha,Partido B,4,0.2
54,Femenino,Secundaria,Urbana,1363,4,10,Centro,Partido B,2,0.1
49,Masculino,Secundaria,Rural,799,3,8,Derecha,Partido C,4,2.0
50,Masculino,Universitaria,Urbana,625,2,9,Izquierda,Partido C,6,5.6
18,Femenino,Secundaria,Urbana,1260,5,1,Centro,Ninguno,7,0.0
36,Masculino,Secundaria,Urbana,1719,9,5,Derecha,Partido B,7,2.6
19,Masculino,Universitaria,Urbana,698,8,1,Centro,Partido C,0,2.1
43,Femenino,Posgrado,Urbana,1965,6,7,Centro,Partido C,6,2.6
49,Masculino,Universitaria,Urbana,606,6,8,Derecha,Ninguno,6,0.9
23,Femenino,Universitaria,Urbana,1054,5,2,Centro,Ninguno,3,3.4
49,Masculino,Posgrado,Urbana,1432,1,8,Derecha,Ninguno,10,0.1
21,Femenino,Secundaria,Rural,967,4,1,Derecha,Partido C,8,2.8
28,Femenino,Universitaria,Urbana,134,3,3,Derecha,Partido B,4,0.6
34,Femenino,Posgrado,Urbana,1756,5,5,Izquierda,Ninguno,3,1.3
55,Femenino,Secundaria,Urbana,826,7,10,Centro,Partido B,10,3.5
41,Masculino,Universitaria,Urbana,1647,9,6,Derecha,Partido B,5,0.6
22,Femenino,Universitaria,Urbana,442,5,2,Izquierda,Partido B,5,0.4
51,Masculino,Universitaria,Urbana,544,2,9,Izquierda,Ninguno,5,2.3
23,Femenino,Universitaria,Urbana,1717,5,2,Centro,Partido A,10,1.5
39,Masculino,Posgrado,Rural,1404,5,6,Izquierda,Partido B,4,1.4
28,Femenino,Universitaria,Urbana,937,6,3,Derecha,Partido B,5,0.6
33,Masculino,Primaria,Rural,1413,5,4,Derecha,Partido A,3,0.1
50,Femenino,Universitaria,Urbana,628,5,9,Centro,Partido A,4,1.1
26,Femenino,Secundaria,Rural,1266,4,3,Izquierda,Ninguno,2,0.2
23,Femenino,Secundaria,Urbana,1277,4,2,Derecha,Ninguno,3,4.7
33,Masculino,Secundaria,Rural,976,6,4,Centro,Partido B,0,0.1
46,Femenino,Secundaria,Urbana,699,1,8,Derecha,Ninguno,8,1.1
20,Masculino,Secundaria,Urbana,1242,4,1,Centro,Ninguno,5,0.1
37,Masculino,Posgrado,Urbana,1167,6,5,Centro,Partido B,6,0.2
53,Masculino,Universitaria,Rural,921,8,9,Centro,Partido C,5,2.2
36,Masculino,Universitaria,Urbana,580,4,5,Derecha,Ninguno,5,2.1
43,Femenino,Primaria,Urbana,1207,7,7,Centro,Partido B,10,0.1
20,Femenino,Posgrado,Urbana,922,8,1,Centro,Partido A,3,0.0
36,Masculino,Posgrado,Urbana,579,4,5,Izquierda,Ninguno,6,0.2
37,Masculino,Universitaria,Urbana,1226,4,5,Derecha,Partido C,6,2.9
49,Masculino,Primaria,Urbana,2165,5,8,Derecha,Partido A,8,1.8
24,Masculino,Primaria,Rural,980,5,2,Centro,Partido C,6,0.1
58,Otro,Secundaria,Rural,2099,7,11,Centro,Partido C,6,1.3
50,Masculino,Secundaria,Rural,2469,3,9,Izquierda,Ninguno,1,2.5
57,Masculino,Secundaria,Urbana,628,8,10,Izquierda,Partido C,3,4.1
56,Masculino,Posgrado,Rural,1205,3,10,Izquierda,Partido B,1,5.4
35,Femenino,Secundaria,Rural,2462,2,5,Izquierda,Partido C,0,0.8
57,Otro,Primaria,Urbana,1127,6,10,Centro,Partido C,6,0.3
18,Femenino,Secundaria,Urbana,1222,7,1,Izquierda,Partido A,4,0.5
28,Femenino,Primaria,Urbana,198,5,3,Izquierda,Partido C,6,3.0
45,Femenino,Primaria,Rural,881,6,7,Derecha,Ninguno,5,7.1
42,Masculino,Secundaria,Urbana,1533,9,7,Centro,Partido A,6,1.3
40,Femenino,Secundaria,Urbana,2658,7,6,Centro,Partido C,9,0.7
48,Femenino,Universitaria,Urbana,1082,5,8,Centro,Partido B,5,1.1
47,Femenino,Posgrado,Rural,202,4,8,Centro,Partido B,7,0.7
59,Femenino,Secundaria,Rural,357,7,11,Izquierda,Partido B,4,0.6
52,Femenino,Secundaria,Rural,1179,7,9,Derecha,Partido B,7,1.8
24,Femenino,Universitaria,Urbana,1906,6,2,Izquierda,Ninguno,1,0.0
33,Otro,Secundaria,Urbana,1582,4,4,Centro,Partido B,0,0.6
43,Femenino,Secundaria,Urbana,1476,5,7,Centro,Partido C,10,2.2
19,Femenino,Universitaria,Urbana,1985,5,1,Derecha,Partido A,10,0.1
18,Femenino,Primaria,Urbana,768,4,1,Centro,Ninguno,0,0.2
29,Masculino,Universitaria,Urbana,1211,4,3,Centro,Partido C,5,0.7
22,Femenino,Universitaria,Urbana,888,6,2,Izquierda,Partido C,5,4.2
54,Masculino,Secundaria,Urbana,1037,4,10,Centro,Partido B,7,2.9
49,Femenino,Secundaria,Rural,596,5,8,Derecha,Partido B,10,0.0
26,Otro,Universitaria,Urbana,994,1,3,Derecha,Partido A,2,1.4
58,Femenino,Primaria,Rural,1183,4,11,Izquierda,Ninguno,2,0.6
52,Masculino,Secundaria,Urbana,977,7,9,Centro,Partido B,5,2.1
36,Masculino,Universitaria,Urbana,1103,3,5,Derecha,Partido C,2,2.6
33,Masculino,Universitaria,Urbana,1443,6,4,Centro,Partido C,0,4.0
20,Femenino,Secundaria,Urbana,1943,3,1,Centro,Partido B,4,1.3
37,Masculino,Universitaria,Urbana,1987,7,5,Derecha,Partido C,8,10.4
41,Masculino,Secundaria,Urbana,1657,4,6,Derecha,Partido C,5,7.8
50,Masculino,Universitaria,Urbana,444,4,9,Centro,Partido C,7,4.3
41,Femenino,Universitaria,Urbana,984,5,6,Centro,Partido B,6,1.7
28,Femenino,Universitaria,Urbana,1035,2,3,Centro,Partido B,2,1.0
25,Masculino,Secundaria,Rural,806,7,2,Derecha,Partido A,5,0.9
53,Masculino,Posgrado,Rural,1405,8,9,Izquierda,Ninguno,0,0.0
55,Femenino,Secundaria,Rural,243,4,10,Izquierda,Partido C,3,0.6
57,Femenino,Universitaria,Urbana,2216,6,10,Centro,Partido B,5,2.5
37,Femenino,Secundaria,Rural,1917,7,5,Izquierda,Ninguno,5,1.9
52,Masculino,Secundaria,Rural,1487,5,9,Centro,Partido A,1,5.0
42,Femenino,Secundaria,Urbana,1163,3,7,Centro,Ninguno,2,0.1
52,Femenino,Posgrado,Rural,1937,8,9,Centro,Ninguno,6,0.3
42,Femenino,Posgrado,Urbana,1614,4,7,Centro,Ninguno,7,3.1
46,Femenino,Secundaria,Rural,1864,4,8,Derecha,Ninguno,4,0.9
35,Masculino,Primaria,Rural,1165,8,5,Izquierda,Partido B,4,0.3
35,Masculino,Universitaria,Urbana,2274,6,5,Derecha,Partido A,8,11.3
19,Femenino,Secundaria,Urbana,1900,6,1,Derecha,Partido C,3,3.1
52,Femenino,Primaria,Rural,1506,3,9,Centro,Partido B,10,1.1
33,Femenino,Universitaria,Urbana,1954,7,4,Centro,Partido A,1,3.5
58,Femenino,Universitaria,Urbana,949,10,11,Derecha,Ninguno,8,2.3
53,Femenino,Posgrado,Rural,499,7,9,Izquierda,Partido B,7,3.1
50,Femenino,Secundaria,Urbana,1393,6,9,Centro,Ninguno,10,3.4
21,Masculino,Secundaria,Urbana,1166,6,1,Centro,Ninguno,2,0.2
50,Femenino,Universitaria,Urbana,1081,4,9,Izquierda,Ninguno,0,2.0
31,Masculino,Universitaria,Urbana,1930,4,4,Derecha,Ninguno,9,0.0
38,Masculino,Universitaria,Urbana,1300,4,6,Derecha,Ninguno,1,0.1
37,Otro,Universitaria,Urbana,1358,4,5,Derecha,Ninguno,7,4.7
25,Masculino,Secundaria,Urbana,1004,4,2,Izquierda,Partido C,9,1.5
24,Masculino,Universitaria,Urbana,1729,4,2,Izquierda,Partido B,6,2.7
20,Masculino,Secundaria,Rural,1621,5,1,Centro,Ninguno,6,3.6
34,Femenino,Secundaria,Urbana,1724,4,5,Izquierda,Ninguno,6,6.0
50,Masculino,Universitaria,Urbana,902,5,9,Centro,Partido B,8,4.1
29,Masculino,Secundaria,Urbana,1982,5,3,Centro,Partido A,7,1.3
39,Masculino,Primaria,Urbana,2303,5,6,Centro,Partido C,1,0.8
39,Masculino,Universitaria,Urbana,1705,8,6,Centro,Partido A,10,0.3
47,Masculino,Secundaria,Urbana,714,5,8,Centro,Ninguno,5,1.0
55,Masculino,Universitaria,Rural,719,9,10,Izquierda,Ninguno,7,0.9
55,Femenino,Secundaria,Urbana,975,6,10,Centro,Partido A,7,1.6
25,Masculino,Universitaria,Urbana,861,4,2,Centro,Partido C,8,2.2
44,Masculino,Secundaria,Urbana,1157,8,7,Centro,Partido A,8,7.7
44,Masculino,Secundaria,Urbana,1579,5,7,Derecha,Partido C,5,2.6
51,Masculino,Posgrado,Urbana,1374,0,9,Derecha,Partido B,5,2.1
38,Femenino,Universitaria,Urbana,1321,5,6,Derecha,Partido C,6,0.8
47,Femenino,Secundaria,Urbana,1055,5,8,Izquierda,Partido B,8,0.1
50,Masculino,Secundaria,Rural,1156,8,9,Izquierda,Partido A,2,0.7
45,Masculino,Universitaria,Urbana,1678,3,7,Centro,Partido B,7,2.9
50,Masculino,Universitaria,Urbana,100,4,9,Derecha,Partido A,2,0.5
22,Femenino,Universitaria,Urbana,1193,8,2,Centro,Partido C,10,2.5
36,Femenino,Universitaria,Urbana,1373,6,5,Derecha,Partido A,6,1.7
21,Femenino,Primaria,Urbana,1670,5,1,Centro,Partido C,4,0.4
52,Masculino,Secundaria,Urbana,594,3,9,Derecha,Ninguno,6,0.6
34,Femenino,Universitaria,Urbana,562,6,5,Derecha,Ninguno,5,1.4
45,Masculino,Secundaria,Urbana,1550,5,7,Izquierda,Ninguno,5,1.1
47,Masculino,Secundaria,Urbana,100,3,8,Centro,Ninguno,0,3.0
46,Masculino,Posgrado,Urbana,1999,4,8,Centro,Partido A,2,2.7
23,Masculino,Universitaria,Urbana,1336,3,2,Izquierda,Partido A,5,1.7
52,Femenino,Universitaria,Urbana,2135,3,9,Centro,Partido C,0,3.5
58,Femenino,Universitaria,Urbana,548,7,11,Centro,Ninguno,3,1.7
54,Masculino,Universitaria,Rural,938,7,10,Izquierda,Ninguno,4,6.7
41,Femenino,Primaria,Urbana,100,7,6,Centro,Partido A,3,0.5
46,Otro,Secundaria,Rural,723,5,8,Centro,Partido B,7,2.5
48,Femenino,Secundaria,Urbana,1090,5,8,Izquierda,Partido A,2,0.9
52,Femenino,Secundaria,Urbana,100,5,9,Centro,Ninguno,5,0.7
50,Femenino,Universitaria,Urbana,963,7,9,Izquierda,Partido C,4,0.4
38,Otro,Secundaria,Urbana,100,1,6,Derecha,Partido A,5,1.6
49,Femenino,Secundaria,Urbana,1046,4,8,Izquierda,Partido B,10,0.5
40,Masculino,Secundaria,Rural,1888,3,6,Derecha,Partido C,6,0.4
50,Masculino,Primaria,Urbana,1179,8,9,Centro,Ninguno,6,9.3
20,Femenino,Secundaria,Rural,2195,4,1,Izquierda,Partido A,3,3.2
35,Masculino,Secundaria,Urbana,1672,2,5,Centro,Ninguno,7,2.8
42,Femenino,Secundaria,Rural,2009,5,7,Centro,Partido C,7,3.2
59,Masculino,Primaria,Urbana,741,4,11,Centro,Ninguno,6,6.9
48,Masculino,Secundaria,Rural,727,4,8,Centro,Ninguno,1,1.7
20,Masculino,Universitaria,Urbana,1407,4,1,Centro,Partido A,3,0.5
57,Masculino,Secundaria,Urbana,253,4,10,Izquierda,Partido A,9,4.0
41,Femenino,Secundaria,Urbana,1483,6,6,Izquierda,Partido C,3,2.7
49,Femenino,Universitaria,Rural,1006,5,8,Derecha,Partido A,10,1.1
39,Femenino,Secundaria,Urbana,1998,5,6,Centro,Ninguno,3,1.3
40,Femenino,Universitaria,Rural,1608,3,6,Centro,Partido C,5,1.1
19,Masculino,Universitaria,Urbana,1858,5,1,Derecha,Ninguno,4,5.3
44,Femenino,Secundaria,Rural,747,6,7,Centro,Partido B,2,0.8
59,Femenino,Universitaria,Rural,1829,6,11,Derecha,Partido B,3,6.6
19,Femenino,Secundaria,Rural,2067,5,1,Centro,Partido C,3,4.8
43,Masculino,Universitaria,Urbana,1177,3,7,Izquierda,Partido A,5,2.0
34,Femenino,Secundaria,Urbana,756,0,5,Derecha,Partido C,8,1.7
57,Femenino,Universitaria,Rural,767,9,10,Centro,Ninguno,5,0.9
50,Otro,Secundaria,Urbana,1943,2,9,Derecha,Partido B,5,0.0
26,Femenino,Universitaria,Urbana,2811,1,3,Izquierda,Ninguno,9,0.3
60,Masculino,Universitaria,Urbana,611,5,11,Centro,Partido A,5,2.8
56,Femenino,Primaria,Rural,565,2,10,Derecha,Partido B,3,1.3
46,Femenino,Secundaria,Urbana,1753,3,8,Izquierda,Ninguno,2,0.3
59,Masculino,Universitaria,Urbana,748,6,11,Derecha,Ninguno,9,0.6
43,Femenino,Universitaria,Rural,1811,9,7,Centro,Partido C,4,5.9
52,Femenino,Secundaria,Urbana,1479,6,9,Centro,Ninguno,3,0.9
42,Masculino,Universitaria,Rural,1186,4,7,Centro,Partido C,3,4.8
41,Masculino,Posgrado,Urbana,1465,5,6,Derecha,Partido B,9,0.7
30,Masculino,Universitaria,Urbana,1428,1,4,Izquierda,Partido B,3,1.6
24,Masculino,Secundaria,Urbana,1092,4,2,Izquierda,Ninguno,8,0.0
53,Masculino,Universitaria,Urbana,146,4,9,Derecha,Partido A,4,1.5
37,Femenino,Secundaria,Rural,1307,5,5,Derecha,Partido C,1,2.0
18,Masculino,Posgrado,Urbana,2144,9,1,Izquierda,Partido C,4,0.5
25,Masculino,Secundaria,Urbana,235,1,2,Centro,Partido C,5,1.7
33,Femenino,Secundaria,Urbana,621,4,4,Centro,Partido B,5,2.1
31,Femenino,Universitaria,Urbana,1456,1,4,Centro,Partido B,5,2.3
29,Masculino,Secundaria,Urbana,1223,4,3,Izquierda,Partido A,4,3.0
40,Masculino,Posgrado,Urbana,1447,3,6,Centro,Partido C,3,0.7
32,Masculino,Posgrado,Urbana,780,2,4,Izquierda,Partido C,5,1.7
45,Femenino,Universitaria,Rural,1897,7,7,Derecha,Partido C,7,8.0
51,Masculino,Secundaria,Urbana,1228,6,9,Derecha,Partido C,1,4.6
19,Femenino,Universitaria,Urbana,1618,7,1,Centro,Partido A,9,6.1
49,Otro,Primaria,Urbana,1392,4,8,Izquierda,Ninguno,0,1.0
40,Masculino,Primaria,Rural,1305,5,6,Izquierda,Partido C,5,3.1
39,Femenino,Universitaria,Urbana,1576,8,6,Centro,Partido A,6,1.9
42,Otro,Secundaria,Urbana,1312,5,7,Derecha,Partido B,3,0.2
39,Masculino,Secundaria,Urbana,486,7,6,Centro,Ninguno,0,3.5
39,Femenino,Posgrado,Rural,1852,4,6,Centro,Ninguno,5,2.3
59,Femenino,Secundaria,Urbana,1691,6,11,Centro,Partido B,6,0.4
23,Femenino,Secundaria,Rural,100,4,2,Centro,Partido C,2,0.2
32,Femenino,Posgrado,Urbana,807,1,4,Izquierda,Partido A,3,3.6
60,Femenino,Secundaria,Urbana,1825,5,11,Izquierda,Partido A,8,0.2
54,Femenino,Universitaria,Rural,104,4,10,Izquierda,Partido C,5,0.2
50,Femenino,Posgrado,Urbana,1766,2,9,Centro,Partido C,0,1.1
25,Femenino,Posgrado,Rural,1115,5,2,Derecha,Ninguno,6,0.3
22,Femenino,Universitaria,Rural,2004,3,2,Derecha,Partido B,2,4.9
56,Femenino,Secundaria,Rural,1199,10,10,Izquierda,Partido A,3,1.3
21,Masculino,Secundaria,Urbana,767,2,1,Izquierda,Partido B,6,1.7
23,Masculino,Universitaria,Rural,1385,3,2,Izquierda,Partido A,5,5.3
49,Masculino,Universitaria,Urbana,1182,7,8,Centro,Partido A,4,1.5
47,Masculino,Universitaria,Rural,713,5,8,Centro,Partido B,3,0.9
52,Masculino,Secundaria,Urbana,2531,7,9,Centro,Partido B,4,3.2
57,Femenino,Secundaria,Rural,617,6,10,Izquierda,Partido B,3,1.2
33,Masculino,Primaria,Urbana,100,4,4,Izquierda,Partido C,8,0.8
30,Femenino,Universitaria,Urbana,2149,2,4,Izquierda,Partido A,0,2.6
59,Masculino,Secundaria,Urbana,850,7,11,Izquierda,Partido A,4,3.2
47,Femenino,Posgrado,Rural,1022,2,8,Derecha,Partido C,1,3.1
36,Otro,Universitaria,Urbana,985,6,5,Izquierda,Partido A,8,7.6
34,Masculino,Secundaria,Urbana,858,7,5,Centro,Partido C,4,3.1
36,Femenino,Universitaria,Rural,740,5,5,Centro,Partido A,2,2.9
45,Masculino,Secundaria,Urbana,602,4,7,Derecha,Partido B,7,3.9
43,Femenino,Universitaria,Urbana,1239,3,7,Derecha,Partido A,0,0.0
54,Masculino,Universitaria,Urbana,959,6,10,Derecha,Partido A,6,0.9
43,Femenino,Universitaria,Urbana,1638,0,7,Izquierda,Partido C,8,2.7
40,Masculino,Universitaria,Urbana,1490,6,6,Centro,Ninguno,6,1.8
26,Femenino,Secundaria,Urbana,643,5,3,Derecha,Partido A,3,0.4
29,Femenino,Primaria,Urbana,1265,5,3,Izquierda,Partido B,1,0.7
18,Masculino,Universitaria,Urbana,949,5,1,Centro,Partido C,8,0.8
18,Masculino,Secundaria,Rural,605,2,1,Derecha,Partido B,8,1.7
51,Masculino,Secundaria,Urbana,1614,0,9,Centro,Ninguno,3,3.6
49,Masculino,Primaria,Urbana,1127,6,8,Izquierda,Partido A,3,5.4
42,Femenino,Universitaria,Rural,955,8,7,Izquierda,Ninguno,9,2.8
57,Masculino,Secundaria,Urbana,687,2,10,Centro,Partido B,7,3.7
18,Masculino,Universitaria,Urbana,583,3,1,Izquierda,Partido B,0,1.3
33,Masculino,Posgrado,Rural,2393,7,4,Centro,Ninguno,4,1.0
56,Femenino,Primaria,Rural,1400,6,10,Derecha,Partido C,4,1.0
22,Masculino,Primaria,Rural,545,10,2,Izquierda,Partido C,6,1.9
39,Masculino,Secundaria,Rural,1373,7,6,Derecha,Partido C,5,0.3
46,Masculino,Universitaria,Rural,1837,7,8,Centro,Partido C,3,1.7
20,Masculino,Secundaria,Urbana,1301,3,1,Izquierda,Partido A,6,2.2
29,Femenino,Secundaria,Rural,2024,6,3,Derecha,Partido C,4,1.2
43,Masculino,Primaria,Urbana,274,8,7,Derecha,Partido A,10,6.1
33,Masculino,Universitaria,Rural,100,5,4,Centro,Ninguno,5,1.9
54,Femenino,Secundaria,Urbana,1356,5,10,Derecha,Ninguno,5,0.5
39,Femenino,Universitaria,Urbana,1366,5,6,Derecha,Partido B,10,1.3
46,Masculino,Posgrado,Urbana,100,4,8,Derecha,Partido B,1,2.3
31,Femenino,Secundaria,Rural,826,6,4,Centro,Partido A,5,0.8
45,Femenino,Universitaria,Urbana,595,5,7,Derecha,Partido A,2,0.2
22,Masculino,Primaria,Rural,365,8,2,Derecha,Ninguno,7,1.8
47,Femenino,Universitaria,Rural,593,5,8,Derecha,Partido A,4,5.9
22,Femenino,Universitaria,Urbana,1557,6,2,Izquierda,Partido B,7,1.3
29,Masculino,Universitaria,Rural,590,5,3,Centro,Ninguno,7,4.7
33,Masculino,Primaria,Rural,610,6,4,Centro,Ninguno,7,3.6
43,Masculino,Secundaria,Urbana,229,4,7,Izquierda,Partido C,7,0.3
43,Femenino,Secundaria,Urbana,1961,6,7,Derecha,Partido C,4,2.5
38,Otro,Secundaria,Urbana,1461,6,6,Izquierda,Partido C,1,1.1
56,Femenino,Secundaria,Urbana,100,3,10,Izquierda,Ninguno,8,0.6
53,Masculino,Secundaria,Urbana,611,7,9,Derecha,Partido C,9,2.3
50,Femenino,Secundaria,Rural,1517,5,9,Centro,Partido C,2,2.7
47,Femenino,Secundaria,Urbana,1969,4,8,Izquierda,Partido A,7,0.4
54,Masculino,Universitaria,Rural,1705,4,10,Centro,Partido A,1,4.9
40,Masculino,Secundaria,Urbana,987,6,6,Centro,Partido C,6,2.8
27,Femenino,Primaria,Urbana,100,5,3,Izquierda,Ninguno,6,5.4
22,Masculino,Secundaria,Rural,1722,6,2,Derecha,Ninguno,4,0.8
53,Femenino,Primaria,Rural,1022,6,9,Centro,Ninguno,5,5.6
51,Masculino,Posgrado,Urbana,1241,6,9,Centro,Partido C,8,0.9
48,Masculino,Secundaria,Urbana,1094,10,8,Centro,Ninguno,5,0.1
27,Masculino,Universitaria,Urbana,387,5,3,Centro,Ninguno,3,2.9
36,Masculino,Posgrado,Urbana,1419,4,5,Izquierda,Partido C,1,2.4
49,Femenino,Universitaria,Urbana,1336,1,8,Izquierda,Partido B,4,1.8
18,Masculino,Universitaria,Urbana,945,3,1,Centro,Partido B,1,1.3
22,Femenino,Universitaria,Urbana,1483,7,2,Derecha,Ninguno,4,0.1
21,Femenino,Posgrado,Rural,376,6,1,Izquierda,Partido B,4,2.0
33,Femenino,Universitaria,Urbana,1039,2,4,Centro,Ninguno,7,1.1
41,Masculino,Universitaria,Urbana,1216,10,6,Derecha,Partido A,5,1.6
33,Femenino,Universitaria,Urbana,159,6,4,Izquierda,Partido C,10,1.1
19,Femenino,Universitaria,Rural,1166,6,1,Izquierda,Partido C,0,6.8
45,Masculino,Universitaria,Rural,1640,9,7,Centro,Partido C,6,1.9
49,Masculino,Secundaria,Urbana,1018,8,8,Centro,Partido B,4,2.8
44,Femenino,Secundaria,Rural,1180,7,7,Izquierda,Ninguno,2,5.5
37,Otro,Secundaria,Urbana,1537,7,5,Centro,Partido C,5,1.8
41,Masculino,Primaria,Urbana,967,7,6,Centro,Partido B,5,0.0
29,Femenino,Secundaria,Urbana,1021,5,3,Centro,Partido C,8,0.1
52,Femenino,Primaria,Urbana,494,6,9,Izquierda,Partido B,5,2.4
50,Femenino,Universitaria,Rural,1191,6,9,Centro,Partido B,3,0.7
50,Otro,Secundaria,Rural,999,5,9,Derecha,Partido B,6,1.7
60,Femenino,Universitaria,Urbana,1499,3,11,Derecha,Ninguno,4,0.5
54,Masculino,Primaria,Urbana,1538,4,10,Derecha,Partido C,2,0.6
29,Masculino,Secundaria,Urbana,1675,3,3,Centro,Partido C,4,1.4
20,Masculino,Universitaria,Urbana,895,5,1,Centro,Partido B,6,7.4
18,Femenino,Universitaria,Urbana,100,1,1,Centro,Partido B,5,1.9
50,Femenino,Primaria,Urbana,1645,6,9,Izquierda,Ninguno,6,5.5
57,Masculino,Universitaria,Urbana,1459,2,10,Izquierda,Partido C,3,6.4
27,Femenino,Universitaria,Urbana,819,4,3,Centro,Ninguno,6,0.5
60,Femenino,Secundaria,Urbana,1533,6,11,Izquierda,Partido A,5,0.7
46,Femenino,Secundaria,Urbana,331,7,8,Izquierda,Partido A,5,2.9
30,Masculino,Posgrado,Rural,1818,6,4,Derecha,Ninguno,5,4.0
29,Femenino,Universitaria,Urbana,1000,6,3,Izquierda,Partido C,10,1.5
48,Masculino,Universitaria,Rural,703,3,8,Izquierda,Partido A,8,10.0
19,Masculino,Universitaria,Urbana,827,7,1,Izquierda,Partido B,6,0.0
52,Masculino,Secundaria,Rural,1061,3,9,Centro,Ninguno,3,0.7
40,Masculino,Secundaria,Rural,1193,7,6,Centro,Partido B,4,2.0
34,Masculino,Secundaria,Urbana,1229,6,5,Centro,Partido C,10,1.3
43,Femenino,Universitaria,Urbana,942,8,7,Centro,Partido B,3,0.2
25,Masculino,Universitaria,Rural,1320,5,2,Derecha,Partido B,5,0.9
46,Femenino,Universitaria,Urbana,1205,3,8,Derecha,Ninguno,4,0.1
43,Masculino,Secundaria,Urbana,811,2,7,Derecha,Partido A,6,2.1
27,Femenino,Secundaria,Urbana,721,3,3,Derecha,Partido C,4,4.5
43,Otro,Secundaria,Urbana,1565,2,7,Centro,Ninguno,6,4.3
51,Masculino,Universitaria,Urbana,1515,7,9,Izquierda,Partido A,4,2.4
58,Masculino,Universitaria,Rural,1234,7,11,Izquierda,Partido B,9,1.3
24,Masculino,Primaria,Urbana,1755,6,2,Izquierda,Partido C,3,1.4
21,Femenino,Universitaria,Urbana,100,5,1,Centro,Partido B,8,0.3
28,Femenino,Primaria,Rural,861,9,3,Derecha,Partido B,3,0.8
46,Masculino,Posgrado,Urbana,506,5,8,Centro,Partido B,2,0.4
53,Femenino,Primaria,Rural,2554,5,9,Izquierda,Partido C,3,3.4
42,Masculino,Universitaria,Urbana,1628,5,7,Centro,Partido C,0,4.9
38,Masculino,Primaria,Urbana,1153,4,6,Derecha,Partido C,6,1.5
53,Femenino,Posgrado,Rural,1671,6,9,Centro,Partido A,2,2.6
27,Masculino,Secundaria,Urbana,1870,4,3,Derecha,Partido C,4,0.3
54,Femenino,Secundaria,Rural,1863,4,10,Derecha,Ninguno,7,1.9
26,Masculino,Secundaria,Rural,1753,6,3,Derecha,Partido C,7,2.4
41,Otro,Secundaria,Rural,1042,4,6,Derecha,Partido C,1,1.2
52,Masculino,Secundaria,Urbana,899,5,9,Derecha,Partido C,6,0.6
52,Masculino,Posgrado,Rural,623,4,9,Izquierda,Ninguno,8,4.2
53,Femenino,Secundaria,Urbana,1501,5,9,Izquierda,Ninguno,3,2.7
35,Masculino,Universitaria,Urbana,1105,4,5,Centro,Partido A,7,4.6
56,Otro,Universitaria,Rural,949,4,10,Izquierda,Partido B,2,3.4
49,Femenino,Universitaria,Urbana,918,3,8,Derecha,Partido B,6,9.3
41,Femenino,Secundaria,Rural,2070,7,6,Izquierda,Partido B,5,0.4
40,Femenino,Secundaria,Rural,1772,5,6,Derecha,Partido A,7,0.2
49,Femenino,Universitaria,Rural,2298,7,8,Centro,Ninguno,7,0.8
54,Femenino,Posgrado,Urbana,1517,7,10,Centro,Partido A,1,0.3
29,Femenino,Secundaria,Rural,1234,4,3,Derecha,Partido C,5,1.5
30,Femenino,Secundaria,Urbana,1185,7,4,Centro,Partido C,9,2.0
40,Masculino,Secundaria,Rural,588,5,6,Centro,Partido A,0,1.7
42,Masculino,Posgrado,Urbana,443,5,7,Izquierda,Ninguno,8,0.6
52,Femenino,Secundaria,Urbana,1504,8,9,Centro,Ninguno,10,4.8
58,Masculino,Secundaria,Urbana,639,6,11,Izquierda,Partido B,1,0.0
47,Femenino,Universitaria,Urbana,1327,4,8,Centro,Partido B,3,0.9
34,Masculino,Primaria,Urbana,1869,6,5,Centro,Partido A,7,2.5
37,Masculino,Primaria,Rural,801,2,5,Derecha,Partido C,2,2.9
42,Femenino,Universitaria,Urbana,2406,5,7,Derecha,Partido A,9,1.1
39,Femenino,Posgrado,Urbana,606,2,6,Centro,Partido C,8,0.0
30,Masculino,Secundaria,Urbana,1794,3,4,Centro,Ninguno,1,1.9
36,Femenino,Secundaria,Urbana,1455,6,5,Derecha,Partido A,3,0.1
53,Femenino,Secundaria,Urbana,1916,0,9,Centro,Ninguno,7,0.2
29,Masculino,Secundaria,Urbana,530,9,3,Centro,Partido A,7,2.1
58,Femenino,Universitaria,Urbana,2584,7,11,Centro,Ninguno,10,0.7
36,Masculino,Secundaria,Urbana,1093,1,5,Derecha,Partido A,2,0.9
29,Masculino,Secundaria,Urbana,1606,10,3,Centro,Partido C,9,1.3
26,Otro,Secundaria,Urbana,2067,10,3,Centro,Partido B,2,7.7
24,Masculino,Universitaria,Urbana,837,5,2,Centro,Ninguno,7,6.7
45,Femenino,Universitaria,Rural,1695,3,7,Centro,Partido C,8,1.1
31,Femenino,Universitaria,Rural,737,8,4,Izquierda,Partido A,0,0.6
48,Masculino,Primaria,Urbana,2038,4,8,Centro,Partido C,8,0.7
36,Femenino,Universitaria,Rural,744,5,5,Derecha,Partido B,9,0.6
33,Femenino,Universitaria,Urbana,1223,7,4,Derecha,Partido C,8,1.5
22,Masculino,Secundaria,Urbana,1384,5,2,Centro,Ninguno,10,1.9
52,Femenino,Secundaria,Rural,1671,5,9,Centro,Partido B,8,1.3
29,Femenino,Secundaria,Urbana,2381,2,3,Izquierda,Partido B,3,1.0
42,Femenino,Secundaria,Rural,929,4,7,Derecha,Partido A,9,0.5
38,Femenino,Secundaria,Urbana,1883,4,6,Derecha,Partido C,3,1.3
53,Masculino,Primaria,Urbana,2382,3,9,Izquierda,Partido B,5,0.8
40,Femenino,Secundaria,Urbana,1299,3,6,Izquierda,Partido B,7,1.6
33,Femenino,Universitaria,Rural,870,5,4,Derecha,Partido A,6,2.2
56,Femenino,Secundaria,Urbana,162,1,10,Centro,Partido B,9,2.0
59,Femenino,Universitaria,Rural,2330,3,11,Centro,Ninguno,10,1.2
56,Femenino,Universitaria,Urbana,1053,9,10,Izquierda,Partido B,2,1.6
31,Femenino,Universitaria,Urbana,599,4,4,Izquierda,Partido C,4,0.7
48,Femenino,Universitaria,Urbana,385,4,8,Centro,Ninguno,6,0.0
22,Femenino,Primaria,Urbana,598,4,2,Derecha,Partido C,4,2.0
52,Femenino,Universitaria,Rural,1752,4,9,Centro,Partido B,5,0.6
40,Femenino,Primaria,Urbana,1835,6,6,Centro,Partido C,7,2.2
46,Femenino,Secundaria,Rural,1591,6,8,Izquierda,Ninguno,7,2.7
60,Masculino,Posgrado,Rural,1279,4,11,Centro,Partido A,6,5.0
28,Masculino,Secundaria,Urbana,453,5,3,Izquierda,Partido B,5,6.3
35,Masculino,Secundaria,Urbana,762,8,5,Centro,Partido A,4,0.0
29,Femenino,Universitaria,Urbana,536,2,3,Derecha,Partido B,9,9.3
26,Femenino,Universitaria,Urbana,1544,5,3,Izquierda,Partido B,10,2.3
27,Femenino,Universitaria,Urbana,562,5,3,Izquierda,Partido C,8,2.1
34,Masculino,Secundaria,Urbana,771,3,5,Izquierda,Partido A,2,0.0
55,Femenino,Universitaria,Urbana,1090,5,10,Centro,Partido C,4,3.9
24,Masculino,Secundaria,Urbana,198,3,2,Derecha,Partido C,6,0.3
30,Masculino,Universitaria,Urbana,1228,6,4,Izquierda,Partido B,2,3.6
57,Femenino,Posgrado,Urbana,1136,2,10,Derecha,Partido C,5,0.0
59,Femenino,Universitaria,Urbana,1911,7,11,Izquierda,Partido B,5,2.1
26,Masculino,Universitaria,Rural,708,5,3,Derecha,Ninguno,8,1.1
44,Masculino,Primaria,Urbana,420,4,7,Centro,Partido B,4,0.4
19,Masculino,Universitaria,Urbana,976,3,1,Centro,Partido C,8,0.2
22,Masculino,Universitaria,Rural,541,7,2,Centro,Ninguno,2,1.2
46,Femenino,Primaria,Urbana,1223,4,8,Centro,Partido B,3,0.3
54,Masculino,Universitaria,Urbana,100,3,10,Derecha,Partido A,4,1.3
55,Femenino,Secundaria,Urbana,837,7,10,Derecha,Partido C,5,2.0
36,Femenino,Universitaria,Urbana,643,3,5,Centro,Partido B,0,3.5
25,Masculino,Universitaria,Urbana,1541,5,2,Izquierda,Ninguno,6,2.3
18,Masculino,Universitaria,Urbana,714,7,1,Izquierda,Ninguno,10,0.1
39,Masculino,Primaria,Urbana,158,5,6,Derecha,Partido B,7,0.7
34,Masculino,Universitaria,Urbana,1079,8,5,Centro,Partido B,4,0.7
24,Masculino,Universitaria,Rural,1392,3,2,Centro,Partido B,2,4.9
42,Femenino,Posgrado,Rural,1037,5,7,Centro,Partido B,0,4.0
21,Masculino,Secundaria,Urbana,833,5,1,Derecha,Ninguno,0,0.9
53,Otro,Secundaria,Rural,797,6,9,Centro,Ninguno,5,0.1
23,Masculino,Universitaria,Urbana,1268,8,2,Derecha,Partido B,10,4.5
48,Femenino,Secundaria,Urbana,666,5,8,Derecha,Partido A,0,4.4
36,Femenino,Universitaria,Rural,1003,5,5,Centro,Partido B,7,3.9
56,Femenino,Universitaria,Urbana,1650,2,10,Izquierda,Partido B,3,3.7
44,Femenino,Universitaria,Urbana,419,5,7,Derecha,Ninguno,4,1.3
27,Femenino,Universitaria,Urbana,1174,4,3,Centro,Partido A,2,0.4
43,Femenino,Universitaria,Urbana,127,6,7,Derecha,Ninguno,1,1.3
36,Femenino,Secundaria,Rural,1337,4,5,Izquierda,Partido C,5,1.4
56,Femenino,Secundaria,Rural,613,5,10,Izquierda,Partido C,6,1.3
20,Masculino,Secundaria,Rural,1812,2,1,Derecha,Partido B,7,1.5
30,Masculino,Secundaria,Rural,314,1,4,Centro,Partido C,0,0.6
45,Femenino,Universitaria,Urbana,1465,9,7,Centro,Partido C,8,0.9
37,Femenino,Universitaria,Urbana,1933,5,5,Derecha,Ninguno,8,1.1
45,Femenino,Universitaria,Urbana,582,6,7,Centro,Partido B,6,0.3
25,Femenino,Universitaria,Urbana,683,3,2,Centro,Partido B,4,1.2
58,Otro,Posgrado,Urbana,633,7,11,Izquierda,Partido C,6,3.3
56,Masculino,Universitaria,Rural,908,6,10,Derecha,Partido A,5,3.5
18,Masculino,Universitaria,Urbana,1510,3,1,Derecha,Partido B,8,1.1
20,Masculino,Universitaria,Urbana,859,3,1,Izquierda,Ninguno,4,1.5
30,Masculino,Secundaria,Urbana,527,4,4,Derecha,Partido A,5,0.1
45,Femenino,Primaria,Urbana,100,5,7,Derecha,Partido B,0,2.2
42,Masculino,Secundaria,Rural,2161,5,7,Centro,Partido B,6,1.0
50,Femenino,Posgrado,Urbana,2208,5,9,Centro,Partido C,3,1.2
55,Masculino,Universitaria,Urbana,1536,8,10,Centro,Partido A,7,4.1
23,Femenino,Secundaria,Rural,714,4,2,Izquierda,Partido C,7,1.2
49,Femenino,Secundaria,Urbana,1649,3,8,Derecha,Partido A,3,0.0
38,Masculino,Universitaria,Urbana,1769,5,6,Derecha,Partido A,5,0.5
33,Femenino,Primaria,Urbana,1047,2,4,Centro,Partido C,6,1.3
38,Masculino,Secundaria,Rural,1225,6,6,Centro,Partido B,6,1.1
28,Masculino,Universitaria,Urbana,1939,5,3,Izquierda,Ninguno,7,3.9
54,Masculino,Secundaria,Rural,216,4,10,Izquierda,Partido A,7,1.6
53,Masculino,Primaria,Rural,1799,4,9,Centro,Partido B,4,2.3
52,Masculino,Universitaria,Urbana,1015,7,9,Izquierda,Partido A,10,1.3
36,Femenino,Universitaria,Rural,532,7,5,Centro,Partido B,7,1.2
37,Femenino,Universitaria,Rural,582,5,5,Centro,Ninguno,9,1.2
35,Femenino,Secundaria,Rural,681,6,5,Derecha,Ninguno,6,1.1
58,Masculino,Secundaria,Rural,474,7,11,Centro,Partido A,6,1.5
31,Femenino,Secundaria,Urbana,2263,6,4,Centro,Partido C,5,0.6
32,Masculino,Universitaria,Urbana,1495,5,4,Centro,Partido C,4,4.4
48,Masculino,Universitaria,Urbana,1839,6,8,Izquierda,Partido A,8,0.8
18,Femenino,Primaria,Urbana,1537,3,1,Izquierda,Partido A,6,0.3
20,Masculino,Universitaria,Urbana,1237,5,1,Izquierda,Ninguno,5,0.2
33,Femenino,Primaria,Rural,1245,5,4,Derecha,Ninguno,2,0.0
40,Femenino,Secundaria,Rural,961,4,6,Izquierda,Ninguno,10,1.1
28,Masculino,Primaria,Urbana,1011,2,3,Derecha,Ninguno,5,0.4
29,Masculino,Secundaria,Rural,355,3,3,Derecha,Partido C,1,0.0
27,Masculino,Universitaria,Rural,1849,4,3,Derecha,Partido B,5,1.5
49,Femenino,Universitaria,Urbana,112,7,8,Izquierda,Partido A,4,2.3
33,Masculino,Secundaria,Urbana,565,6,4,Derecha,Partido A,4,0.2
25,Masculino,Universitaria,Urbana,2407,7,2,Izquierda,Partido C,7,1.2
55,Masculino,Primaria,Rural,1282,7,10,Centro,Ninguno,4,2.7
29,Femenino,Universitaria,Urbana,1307,6,3,Derecha,Ninguno,4,8.5
41,Masculino,Posgrado,Urbana,1582,5,6,Centro,Ninguno,9,2.2
45,Masculino,Secundaria,Urbana,276,3,7,Centro,Ninguno,0,0.6
25,Femenino,Universitaria,Rural,364,9,2,Izquierda,Ninguno,5,2.5
45,Femenino,Secundaria,Rural,933,2,7,Centro,Partido A,8,1.8
53,Masculino,Primaria,Rural,658,5,9,Centro,Ninguno,7,0.5
43,Masculino,Secundaria,Rural,1155,7,7,Centro,Partido C,8,3.8
25,Masculino,Universitaria,Rural,1491,7,2,Derecha,Partido B,10,1.1
45,Femenino,Universitaria,Rural,2033,3,7,Derecha,Ninguno,10,6.5
45,Masculino,Secundaria,Rural,1687,4,7,Derecha,Ninguno,2,2.6
54,Femenino,Universitaria,Rural,603,3,10,Centro,Partido A,0,2.1
58,Femenino,Universitaria,Urbana,975,1,11,Centro,Partido A,6,2.6
53,Femenino,Universitaria,Urbana,812,5,9,Derecha,Partido C,1,1.3
44,Masculino,Universitaria,Urbana,590,4,7,Derecha,Partido C,0,1.4
34,Femenino,Universitaria,Urbana,453,8,5,Centro,Ninguno,6,3.8
26,Femenino,Secundaria,Urbana,2199,6,3,Izquierda,Partido A,7,2.3
50,Femenino,Secundaria,Urbana,1206,5,9,Izquierda,Partido A,10,4.6
37,Masculino,Posgrado,Rural,1065,4,5,Centro,Partido B,7,4.4
30,Otro,Secundaria,Rural,1491,5,4,Centro,Partido A,10,7.5
45,Masculino,Posgrado,Rural,1520,4,7,Derecha,Partido A,6,2.4
46,Masculino,Universitaria,Urbana,1871,5,8,Izquierda,Ninguno,2,1.4
30,Masculino,Secundaria,Urbana,754,9,4,Izquierda,Partido B,7,0.4
52,Femenino,Primaria,Urbana,1442,3,9,Centro,Partido B,9,2.4
23,Masculino,Secundaria,Urbana,653,5,2,Centro,Partido A,6,0.7
35,Masculino,Posgrado,Urbana,1086,6,5,Izquierda,Partido B,9,0.7
22,Masculino,Secundaria,Urbana,1234,4,2,Centro,Ninguno,5,0.5
42,Masculino,Secundaria,Rural,1293,8,7,Centro,Partido C,7,4.2
19,Femenino,Secundaria,Rural,1266,6,1,Derecha,Ninguno,4,4.0
27,Femenino,Secundaria,Urbana,1681,4,3,Centro,Partido B,10,2.0
47,Masculino,Secundaria,Urbana,842,5,8,Centro,Partido B,8,1.3
22,Masculino,Secundaria,Urbana,1309,4,2,Centro,Partido B,2,2.2
50,Femenino,Universitaria,Urbana,745,3,9,Derecha,Partido B,10,1.9
18,Masculino,Secundaria,Rural,2952,5,1,Izquierda,Ninguno,3,1.1
35,Masculino,Secundaria,Urbana,652,8,5,Derecha,Partido B,5,1.0
49,Otro,Secundaria,Urbana,780,6,8,Centro,Partido C,6,1.0
28,Femenino,Secundaria,Urbana,1730,5,3,Derecha,Partido A,7,1.8
38,Masculino,Posgrado,Urbana,942,7,6,Derecha,Partido C,6,2.1
43,Femenino,Universitaria,Urbana,1730,6,7,Centro,Ninguno,2,1.2
42,Masculino,Primaria,Rural,1292,3,7,Centro,Partido C,6,6.9
39,Femenino,Universitaria,Urbana,958,5,6,Izquierda,Partido C,8,0.2
44,Masculino,Secundaria,Urbana,748,5,7,Derecha,Ninguno,8,0.9
30,Masculino,Primaria,Urbana,727,7,4,Centro,Partido C,1,1.1
50,Masculino,Posgrado,Urbana,965,4,9,Centro,Partido B,3,0.0
51,Femenino,Universitaria,Rural,1095,3,9,Derecha,Partido B,2,0.9
58,Femenino,Posgrado,Urbana,701,5,11,Derecha,Partido C,6,0.6
52,Masculino,Secundaria,Urbana,1134,4,9,Izquierda,Partido C,0,1.4
18,Masculino,Universitaria,Urbana,544,4,1,Centro,Partido B,2,0.8
38,Femenino,Secundaria,Urbana,1654,5,6,Centro,Partido B,3,2.6
23,Masculino,Secundaria,Urbana,1768,4,2,Centro,Ninguno,0,1.4
45,Masculino,Universitaria,Urbana,777,7,7,Centro,Partido A,5,0.3
34,Otro,Secundaria,Urbana,744,8,5,Centro,Partido B,0,2.8
22,Masculino,Universitaria,Rural,1307,7,2,Centro,Partido A,6,0.2
48,Femenino,Universitaria,Urbana,1959,1,8,Derecha,Ninguno,4,3.7
22,Otro,Secundaria,Rural,2092,4,2,Izquierda,Partido A,3,5.4
55,Masculino,Universitaria,Urbana,358,5,10,Centro,Partido C,4,0.8
20,Masculino,Universitaria,Rural,1804,1,1,Izquierda,Partido A,5,5.2
40,Masculino,Secundaria,Rural,1163,3,6,Izquierda,Partido C,7,3.2
54,Femenino,Universitaria,Urbana,1175,5,10,Izquierda,Ninguno,9,5.1
54,Femenino,Universitaria,Rural,1503,4,10,Centro,Partido B,8,2.2
27,Femenino,Secundaria,Urbana,911,5,3,Derecha,Partido C,10,0.5
27,Masculino,Universitaria,Rural,1858,2,3,Izquierda,Partido B,7,4.5
36,Femenino,Posgrado,Urbana,2054,4,5,Izquierda,Partido B,5,0.4
34,Femenino,Secundaria,Urbana,2077,5,5,Derecha,Ninguno,4,0.5
38,Femenino,Universitaria,Urbana,100,5,6,Izquierda,Partido B,4,0.6
31,Femenino,Secundaria,Rural,1062,6,4,Derecha,Partido C,7,0.7
26,Femenino,Universitaria,Urbana,100,6,3,Izquierda,Partido A,2,1.4
18,Femenino,Universitaria,Urbana,741,4,1,Derecha,Partido A,6,2.5
30,Femenino,Secundaria,Rural,100,5,4,Centro,Partido B,5,5.2
21,Masculino,Secundaria,Rural,1470,3,1,Derecha,Partido C,3,0.2
18,Masculino,Universitaria,Urbana,1332,4,1,Derecha,Partido B,2,6.2
57,Femenino,Secundaria,Urbana,940,3,10,Centro,Partido C,10,5.1
49,Masculino,Universitaria,Urbana,725,7,8,Izquierda,Partido A,1,0.1
51,Femenino,Secundaria,Urbana,1388,4,9,Derecha,Partido A,5,0.9
45,Otro,Universitaria,Urbana,593,7,7,Centro,Ninguno,9,3.4
48,Femenino,Universitaria,Rural,552,6,8,Izquierda,Ninguno,7,1.9
25,Masculino,Posgrado,Urbana,479,3,2,Izquierda,Partido A,4,3.0
56,Masculino,Secundaria,Urbana,1078,6,10,Derecha,Partido C,1,2.5
43,Masculino,Universitaria,Urbana,851,7,7,Izquierda,Partido B,5,1.4
51,Femenino,Universitaria,Urbana,969,5,9,Centro,Ninguno,0,0.1
20,Femenino,Secundaria,Urbana,1513,5,1,Centro,Ninguno,6,1.8
29,Femenino,Secundaria,Urbana,1778,4,3,Derecha,Ninguno,5,0.1
18,Masculino,Primaria,Urbana,2070,5,1,Derecha,Ninguno,8,1.9
22,Femenino,Universitaria,Rural,1236,5,2,Derecha,Partido B,2,3.2
47,Femenino,Universitaria,Urbana,1409,4,8,Izquierda,Ninguno,4,1.8
47,Masculino,Primaria,Rural,1313,3,8,Derecha,Partido C,6,11.6
34,Femenino,Universitaria,Rural,195,8,5,Izquierda,Partido A,6,1.2
40,Masculino,Secundaria,Urbana,978,6,6,Centro,Partido B,1,2.8
32,Masculino,Primaria,Rural,981,4,4,Centro,Ninguno,3,2.2
54,Femenino,Posgrado,Urbana,894,5,10,Izquierda,Ninguno,9,9.5
38,Masculino,Posgrado,Urbana,1175,2,6,Derecha,Partido A,6,2.5
31,Femenino,Universitaria,Rural,1068,1,4,Izquierda,Partido C,0,0.4
19,Femenino,Primaria,Urbana,608,7,1,Centro,Ninguno,8,6.2
28,Femenino,Universitaria,Urbana,1109,5,3,Derecha,Partido B,0,2.2
56,Masculino,Secundaria,Rural,817,5,10,Derecha,Partido B,4,0.1
55,Femenino,Secundaria,Urbana,100,5,10,Izquierda,Partido C,7,2.1
51,Femenino,Secundaria,Urbana,362,10,9,Centro,Partido B,9,4.3
55,Femenino,Universitaria,Rural,1253,7,10,Derecha,Partido A,0,1.7
51,Masculino,Universitaria,Urbana,1855,3,9,Centro,Partido C,7,0.9
35,Masculino,Secundaria,Urbana,100,2,5,Centro,Ninguno,8,3.4
47,Femenino,Universitaria,Urbana,678,7,8,Izquierda,Partido C,3,3.1
32,Masculino,Posgrado,Urbana,1459,7,4,Centro,Ninguno,5,1.6
44,Femenino,Secundaria,Urbana,1727,6,7,Derecha,Partido B,0,0.3
51,Femenino,Universitaria,Rural,948,3,9,Centro,Partido A,0,0.6
55,Femenino,Universitaria,Urbana,790,6,10,Centro,Partido C,8,2.7
50,Femenino,Secundaria,Urbana,1932,4,9,Centro,Partido B,3,3.3
41,Femenino,Secundaria,Rural,1678,6,6,Centro,Ninguno,4,0.7
32,Femenino,Universitaria,Rural,1715,7,4,Izquierda,Partido A,6,0.9
47,Femenino,Universitaria,Urbana,919,4,8,Izquierda,Partido B,4,0.2
59,Femenino,Universitaria,Urbana,1868,7,11,Centro,Partido B,4,2.5
34,Masculino,Secundaria,Urbana,100,5,5,Centro,Ninguno,6,0.0
22,Masculino,Posgrado,Urbana,1879,6,2,Centro,Partido A,1,0.1
46,Femenino,Primaria,Urbana,1160,2,8,Centro,Partido A,8,0.0
21,Masculino,Primaria,Urbana,1277,5,1,Centro,Partido A,4,2.1
27,Masculino,Universitaria,Rural,633,4,3,Izquierda,Ninguno,2,1.1
34,Masculino,Secundaria,Rural,112,6,5,Derecha,Partido A,2,0.7
27,Femenino,Secundaria,Urbana,1265,8,3,Centro,Partido A,5,4.9
34,Femenino,Secundaria,Urbana,1531,6,5,Izquierda,Partido A,4,0.4
37,Femenino,Secundaria,Urbana,1622,3,5,Izquierda,Partido C,0,1.0
41,Femenino,Primaria,Urbana,1557,6,6,Derecha,Partido A,3,5.6
22,Femenino,Posgrado,Urbana,1421,6,2,Izquierda,Partido B,3,1.1
51,Masculino,Secundaria,Rural,646,9,9,Derecha,Partido B,9,1.6
23,Femenino,Universitaria,Urbana,1660,6,2,Izquierda,Partido C,5,0.2
19,Masculino,Universitaria,Urbana,579,4,1,Derecha,Partido C,10,3.1
30,Femenino,Posgrado,Rural,1864,7,4,Derecha,Partido C,3,1.1
60,Femenino,Primaria,Urbana,1150,5,11,Centro,Ninguno,4,3.2
60,Masculino,Universitaria,Urbana,1170,5,11,Izquierda,Ninguno,6,0.6
28,Masculino,Universitaria,Urbana,1720,3,3,Izquierda,Partido B,7,1.1
40,Masculino,Universitaria,Urbana,1801,5,6,Centro,Ninguno,7,3.1
33,Masculino,Universitaria,Rural,1662,5,4,Centro,Partido C,2,7.3
48,Masculino,Universitaria,Urbana,708,5,8,Izquierda,Ninguno,2,0.1
28,Femenino,Secundaria,Urbana,1658,4,3,Izquierda,Partido B,4,3.3
33,Femenino,Universitaria,Urbana,711,6,4,Centro,Partido C,9,0.7
25,Femenino,Universitaria,Rural,1673,3,2,Centro,Partido B,2,1.6
21,Femenino,Universitaria,Urbana,345,3,1,Izquierda,Ninguno,3,0.7
57,Femenino,Posgrado,Urbana,1144,6,10,Izquierda,Partido A,7,1.9
21,Femenino,Secundaria,Urbana,707,6,1,Derecha,Partido A,7,0.9
42,Masculino,Posgrado,Urbana,1722,2,7,Centro,Partido B,7,0.8
20,Femenino,Primaria,Urbana,1869,1,1,Derecha,Partido A,5,0.1
49,Masculino,Primaria,Urbana,1319,3,8,Centro,Partido C,2,0.3
20,Otro,Primaria,Urbana,1300,5,1,Izquierda,Partido A,3,5.0
44,Femenino,Secundaria,Urbana,1623,7,7,Centro,Partido B,8,12.7
46,Femenino,Universitaria,Rural,1873,5,8,Centro,Ninguno,7,3.0
49,Masculino,Primaria,Urbana,1222,3,8,Derecha,Partido B,1,0.7
36,Femenino,Primaria,Urbana,900,5,5,Centro,Partido C,8,1.0
38,Femenino,Posgrado,Urbana,1588,5,6,Izquierda,Partido A,9,2.7
22,Masculino,Universitaria,Rural,100,2,2,Derecha,Partido A,5,6.9
35,Masculino,Universitaria,Urbana,1746,2,5,Centro,Ninguno,6,1.2
45,Femenino,Universitaria,Rural,774,2,7,Derecha,Ninguno,8,3.5
59,Masculino,Universitaria,Rural,1056,10,11,Derecha,Partido B,3,7.4
39,Femenino,Secundaria,Urbana,1750,7,6,Izquierda,Ninguno,10,4.1
38,Masculino,Secundaria,Rural,951,4,6,Centro,Ninguno,9,0.5
23,Masculino,Universitaria,Urbana,1588,7,2,Centro,Ninguno,7,0.0
18,Femenino,Secundaria,Urbana,1883,4,1,Centro,Partido B,5,1.4
22,Masculino,Universitaria,Rural,1266,7,2,Centro,Partido A,6,1.5
58,Femenino,Primaria,Rural,1387,5,11,Derecha,Partido C,0,0.4
29,Masculino,Secundaria,Urbana,1128,4,3,Derecha,Partido C,10,0.7
43,Masculino,Universitaria,Urbana,1269,6,7,Izquierda,Partido A,8,2.9
51,Femenino,Universitaria,Urbana,530,5,9,Izquierda,Ninguno,9,1.3
31,Femenino,Universitaria,Rural,1024,6,4,Centro,Partido A,5,0.8
43,Femenino,Universitaria,Urbana,427,5,7,Izquierda,Partido B,4,1.9
44,Femenino,Primaria,Urbana,661,5,7,Derecha,Partido B,3,2.1
26,Femenino,Secundaria,Urbana,100,7,3,Centro,Partido C,7,2.9
43,Masculino,Universitaria,Urbana,1358,10,7,Centro,Partido B,3,0.3
39,Masculino,Universitaria,Rural,2215,7,6,Izquierda,Ninguno,4,2.7
47,Femenino,Secundaria,Urbana,926,5,8,Derecha,Partido C,7,1.8
60,Femenino,Universitaria,Rural,1779,4,11,Izquierda,Ninguno,3,0.1
34,Femenino,Secundaria,Urbana,1875,5,5,Derecha,Ninguno,8,3.0
43,Masculino,Secundaria,Rural,481,2,7,Centro,Partido C,5,1.0
53,Masculino,Secundaria,Urbana,610,6,9,Derecha,Ninguno,0,0.8
18,Femenino,Universitaria,Urbana,1794,3,1,Centro,Partido A,3,1.2
25,Femenino,Universitaria,Urbana,1145,4,2,Izquierda,Partido B,9,0.8
52,Femenino,Secundaria,Urbana,426,6,9,Derecha,Partido A,2,0.8
32,Femenino,Universitaria,Urbana,818,5,4,Izquierda,Partido B,8,3.3
39,Femenino,Secundaria,Rural,1452,4,6,Centro,Ninguno,5,0.3
31,Masculino,Secundaria,Urbana,724,3,4,Izquierda,Partido A,4,7.1
43,Masculino,Secundaria,Urbana,100,7,7,Derecha,Partido C,10,1.6
45,Masculino,Secundaria,Urbana,1007,3,7,Derecha,Partido C,1,0.4
40,Masculino,Primaria,Urbana,1055,4,6,Centro,Partido C,3,0.3
31,Femenino,Universitaria,Urbana,1206,1,4,Centro,Partido B,5,1.8
41,Masculino,Universitaria,Rural,1955,5,6,Derecha,Ninguno,10,2.0
19,Femenino,Universitaria,Rural,1232,4,1,Izquierda,Partido A,5,0.1
43,Masculino,Secundaria,Urbana,1346,5,7,Derecha,Partido B,6,0.6
31,Masculino,Primaria,Urbana,1833,3,4,Izquierda,Partido C,4,3.2
24,Masculino,Secundaria,Urbana,1206,6,2,Derecha,Partido C,6,0.1
20,Masculino,Secundaria,Urbana,2482,1,1,Derecha,Partido B,4,3.9
40,Femenino,Universitaria,Urbana,442,5,6,Derecha,Ninguno,7,2.1
60,Masculino,Secundaria,Urbana,640,5,11,Centro,Partido B,7,1.1
35,Femenino,Universitaria,Urbana,1568,5,5,Centro,Partido B,4,0.9
55,Masculino,Universitaria,Urbana,1953,5,10,Centro,Partido A,2,0.0
52,Masculino,Secundaria,Rural,1080,7,9,Izquierda,Partido C,5,3.5
32,Masculino,Universitaria,Urbana,594,8,4,Centro,Partido C,9,0.3
42,Femenino,Universitaria,Urbana,2257,5,7,Centro,Partido A,3,0.7
54,Femenino,Universitaria,Urbana,725,3,10,Derecha,Partido B,6,1.7
45,Masculino,Universitaria,Urbana,1403,6,7,Centro,Ninguno,1,0.6
27,Masculino,Secundaria,Rural,1988,4,3,Izquierda,Partido B,2,1.4
56,Femenino,Secundaria,Rural,935,8,10,Centro,Partido A,9,3.3
34,Masculino,Secundaria,Rural,827,4,5,Centro,Partido C,7,1.3
56,Masculino,Secundaria,Urbana,868,3,10,Izquierda,Partido A,6,6.0
39,Femenino,Universitaria,Rural,1741,5,6,Izquierda,Ninguno,0,3.8
43,Femenino,Secundaria,Urbana,1836,2,7,Derecha,Partido A,3,0.8
42,Masculino,Posgrado,Rural,1220,4,7,Centro,Partido C,7,1.0
34,Femenino,Universitaria,Urbana,2330,4,5,Centro,Partido B,1,1.1
30,Femenino,Secundaria,Rural,1219,5,4,Centro,Ninguno,4,2.0
37,Masculino,Secundaria,Rural,1975,3,5,Derecha,Partido A,7,0.7
42,Femenino,Universitaria,Rural,941,3,7,Izquierda,Partido C,0,7.0
21,Femenino,Universitaria,Urbana,2600,7,1,Derecha,Partido C,0,1.9
27,Masculino,Universitaria,Urbana,2142,5,3,Izquierda,Partido B,1,1.0
20,Masculino,Secundaria,Rural,1123,7,1,Derecha,Partido B,6,2.1
58,Masculino,Secundaria,Urbana,2061,4,11,Centro,Partido C,3,1.0
35,Femenino,Secundaria,Rural,2030,5,5,Centro,Ninguno,8,3.4
53,Masculino,Secundaria,Urbana,2132,5,9,Centro,Partido A,5,1.7
39,Femenino,Universitaria,Urbana,100,8,6,Centro,Partido A,10,0.1
51,Femenino,Universitaria,Rural,1632,5,9,Izquierda,Ninguno,1,0.4
25,Masculino,Universitaria,Urbana,1525,5,2,Derecha,Partido A,6,4.0
57,Femenino,Universitaria,Urbana,1483,7,10,Izquierda,Ninguno,3,1.7
36,Masculino,Universitaria,Urbana,1331,4,5,Derecha,Partido C,7,6.0
59,Femenino,Secundaria,Urbana,1349,6,11,Derecha,Partido C,5,0.2
58,Femenino,Secundaria,Rural,1970,7,11,Centro,Partido A,2,0.7
54,Masculino,Posgrado,Urbana,1524,4,10,Derecha,Partido A,5,0.4
23,Masculino,Primaria,Rural,1330,6,2,Centro,Partido C,5,1.6
43,Masculino,Posgrado,Rural,1884,8,7,Izquierda,Ninguno,3,1.0
51,Masculino,Universitaria,Urbana,1451,7,9,Derecha,Ninguno,7,0.3
23,Masculino,Secundaria,Rural,1508,6,2,Centro,Partido A,2,2.1
54,Masculino,Universitaria,Urbana,2320,5,10,Centro,Partido A,10,1.5
50,Otro,Universitaria,Urbana,939,4,9,Centro,Partido A,8,0.6
39,Masculino,Universitaria,Rural,291,3,6,Centro,Ninguno,6,1.3
38,Masculino,Posgrado,Urbana,1243,8,6,Derecha,Partido B,10,2.7
23,Femenino,Posgrado,Urbana,1329,8,2,Izquierda,Partido A,4,0.5
23,Masculino,Secundaria,Urbana,1633,4,2,Centro,Partido A,7,0.7
21,Otro,Secundaria,Urbana,1264,6,1,Centro,Partido B,6,0.8
47,Femenino,Posgrado,Urbana,1653,5,8,Centro,Ninguno,7,2.7
28,Femenino,Universitaria,Rural,2703,7,3,Centro,Partido C,9,3.8
47,Masculino,Secundaria,Urbana,1681,6,8,Izquierda,Partido A,7,0.9
48,Masculino,Primaria,Urbana,1786,5,8,Izquierda,Partido B,8,0.7
41,Masculino,Universitaria,Urbana,1122,4,6,Izquierda,Partido B,3,4.4
26,Femenino,Posgrado,Urbana,369,6,3,Derecha,Partido A,4,14.7
20,Masculino,Universitaria,Urbana,100,4,1,Izquierda,Partido A,10,2.2
48,Masculino,Universitaria,Urbana,889,5,8,Derecha,Partido C,7,9.2
57,Otro,Secundaria,Urbana,100,5,10,Derecha,Partido A,6,2.2
54,Masculino,Secundaria,Urbana,1508,4,10,Derecha,Partido A,3,2.6
53,Masculino,Universitaria,Urbana,970,3,9,Derecha,Partido B,8,1.0
41,Masculino,Secundaria,Urbana,412,6,6,Izquierda,Ninguno,3,1.1
48,Otro,Secundaria,Rural,1279,5,8,Izquierda,Partido C,2,0.3
23,Masculino,Secundaria,Rural,757,9,2,Centro,Partido C,5,3.5
19,Femenino,Universitaria,Urbana,1470,3,1,Izquierda,Partido C,0,5.3
37,Femenino,Posgrado,Rural,1625,6,5,Derecha,Partido C,7,2.0
45,Masculino,Secundaria,Rural,779,5,7,Centro,Partido A,6,0.8
28,Femenino,Secundaria,Urbana,1058,9,3,Derecha,Ninguno,4,0.3
21,Masculino,Universitaria,Urbana,1329,6,1,Izquierda,Partido A,4,0.6
32,Masculino,Posgrado,Rural,356,6,4,Derecha,Partido B,5,0.6
23,Femenino,Secundaria,Rural,1329,5,2,Izquierda,Ninguno,3,1.9
47,Femenino,Secundaria,Urbana,341,4,8,Centro,Partido B,6,5.8
55,Femenino,Secundaria,Rural,1539,6,10,Centro,Ninguno,4,0.1
19,Femenino,Universitaria,Urbana,939,2,1,Derecha,Partido B,5,0.0
32,Masculino,Secundaria,Rural,338,2,4,Centro,Ninguno,5,1.8
28,Masculino,Secundaria,Rural,852,7,3,Derecha,Ninguno,4,0.7
25,Masculino,Universitaria,Urbana,877,1,2,Derecha,Ninguno,6,4.2
43,Masculino,Universitaria,Rural,1841,4,7,Derecha,Ninguno,7,0.8
22,Masculino,Primaria,Urbana,1304,3,2,Izquierda,Ninguno,3,0.7
23,Masculino,Universitaria,Urbana,626,4,2,Derecha,Partido C,6,0.6
43,Masculino,Secundaria,Rural,2189,5,7,Derecha,Partido B,7,0.3
21,Masculino,Universitaria,Urbana,1576,7,1,Izquierda,Partido A,1,1.7
36,Femenino,Secundaria,Urbana,998,7,5,Izquierda,Partido C,8,0.4
37,Femenino,Universitaria,Urbana,268,3,5,Izquierda,Ninguno,10,1.1
50,Masculino,Secundaria,Urbana,945,4,9,Izquierda,Partido C,5,1.2
37,Femenino,Universitaria,Urbana,1068,10,5,Centro,Ninguno,4,0.0
29,Femenino,Universitaria,Rural,1421,4,3,Derecha,Ninguno,4,0.0
18,Masculino,Universitaria,Urbana,1564,3,1,Centro,Partido A,7,1.5
43,Femenino,Universitaria,Urbana,1684,4,7,Centro,Partido A,7,2.4
31,Femenino,Universitaria,Urbana,233,5,4,Derecha,Partido B,0,5.7
55,Femenino,Primaria,Rural,1325,4,10,Izquierda,Partido A,2,0.4
54,Masculino,Secundaria,Rural,1104,5,10,Derecha,Partido C,7,0.2
28,Femenino,Posgrado,Rural,2807,5,3,Centro,Ninguno,5,0.1
53,Masculino,Secundaria,Rural,1239,5,9,Centro,Ninguno,2,1.1
30,Femenino,Universitaria,Rural,826,3,4,Centro,Partido B,10,2.0
60,Femenino,Posgrado,Urbana,1266,6,11,Centro,Partido A,3,3.7
20,Femenino,Primaria,Urbana,1195,5,1,Izquierda,Partido B,5,2.3
50,Femenino,Universitaria,Urbana,100,6,9,Derecha,Partido C,4,0.5
23,Femenino,Secundaria,Rural,1445,2,2,Izquierda,Partido B,2,1.2
27,Masculino,Universitaria,Rural,1014,5,3,Derecha,Partido A,6,4.8
22,Masculino,Primaria,Urbana,1184,1,2,Centro,Partido B,6,0.8
40,Femenino,Primaria,Rural,676,5,6,Izquierda,Partido B,4,1.4
27,Masculino,Universitaria,Urbana,544,6,3,Centro,Ninguno,4,6.4
19,Masculino,Universitaria,Urbana,1727,7,1,Izquierda,Partido A,7,2.7
30,Masculino,Universitaria,Urbana,1865,6,4,Derecha,Partido A,0,2.8
57,Masculino,Universitaria,Urbana,1451,6,10,Derecha,Partido A,2,0.6
19,Femenino,Primaria,Urbana,114,4,1,Derecha,Partido B,6,1.1
37,Femenino,Universitaria,Urbana,1490,4,5,Izquierda,Partido C,3,0.2
18,Femenino,Secundaria,Urbana,122,10,1,Centro,Partido C,3,1.9
54,Femenino,Posgrado,Urbana,803,7,10,Centro,Partido B,8,0.2
26,Masculino,Universitaria,Rural,1719,3,3,Derecha,Partido C,3,3.6
34,Masculino,Universitaria,Rural,1595,2,5,Izquierda,Partido B,10,3.4
26,Femenino,Posgrado,Rural,1474,4,3,Centro,Partido C,0,1.5
28,Masculino,Primaria,Urbana,1988,7,3,Centro,Partido A,0,0.3
32,Femenino,Universitaria,Urbana,1536,5,4,Izquierda,Partido B,8,0.1
41,Femenino,Secundaria,Rural,100,1,6,Centro,Ninguno,2,3.2
55,Masculino,Posgrado,Urbana,978,5,10,Centro,Ninguno,2,1.8
52,Femenino,Secundaria,Urbana,1175,5,9,Derecha,Partido C,8,2.5
47,Femenino,Universitaria,Urbana,1105,0,8,Derecha,Partido A,4,0.7
48,Femenino,Universitaria,Urbana,830,5,8,Centro,Partido A,8,1.4
22,Masculino,Primaria,Urbana,582,3,2,Centro,Ninguno,3,2.8
31,Masculino,Secundaria,Urbana,2640,1,4,Izquierda,Partido A,6,1.2
28,Femenino,Universitaria,Urbana,967,8,3,Derecha,Partido A,3,1.8
26,Masculino,Secundaria,Urbana,2611,3,3,Derecha,Partido A,2,3.1
51,Masculino,Secundaria,Urbana,515,4,9,Derecha,Partido B,10,0.5
29,Femenino,Secundaria,Urbana,1594,4,3,Derecha,Partido A,8,0.1
52,Masculino,Secundaria,Urbana,1338,5,9,Centro,Partido B,3,1.5
52,Femenino,Universitaria,Urbana,647,9,9,Derecha,Partido B,4,0.1
18,Femenino,Universitaria,Urbana,919,3,1,Centro,Ninguno,9,2.9
57,Femenino,Primaria,Urbana,1191,4,10,Centro,Partido A,2,2.5
39,Masculino,Secundaria,Urbana,694,5,6,Derecha,Partido B,2,4.3
46,Femenino,Secundaria,Urbana,1046,3,8,Izquierda,Partido C,6,2.0
25,Masculino,Secundaria,Urbana,100,4,2,Izquierda,Partido C,10,0.1
28,Masculino,Secundaria,Rural,1627,6,3,Centro,Partido B,5,0.6
58,Femenino,Secundaria,Urbana,1936,3,11,Centro,Ninguno,8,3.3
54,Masculino,Secundaria,Urbana,1473,4,10,Derecha,Partido A,2,0.4
31,Masculino,Universitaria,Urbana,2559,4,4,Izquierda,Ninguno,6,2.4
47,Femenino,Secundaria,Urbana,1609,5,8,Izquierda,Partido B,4,3.0
52,Masculino,Universitaria,Urbana,1886,5,9,Izquierda,Partido A,10,0.8
38,Masculino,Universitaria,Urbana,1943,6,6,Izquierda,Ninguno,10,0.8
54,Femenino,Universitaria,Rural,100,9,10,Izquierda,Partido C,10,1.6
22,Femenino,Universitaria,Urbana,1454,0,2,Centro,Partido A,3,4.0
36,Femenino,Universitaria,Urbana,370,5,5,Centro,Partido A,5,0.5
31,Masculino,Universitaria,Urbana,491,2,4,Derecha,Partido A,6,5.7
43,Masculino,Universitaria,Rural,596,4,7,Derecha,Partido C,3,1.8
21,Masculino,Universitaria,Urbana,1012,7,1,Centro,Partido A,5,9.7
42,Masculino,Universitaria,Rural,1590,7,7,Izquierda,Partido A,8,0.2
59,Femenino,Universitaria,Urbana,1460,7,11,Izquierda,Partido A,3,0.3
42,Masculino,Secundaria,Rural,1192,7,7,Derecha,Partido C,3,3.5
35,Masculino,Secundaria,Rural,1634,5,5,Centro,Ninguno,3,4.0
57,Femenino,Secundaria,Urbana,1670,8,10,Derecha,Ninguno,1,1.2
25,Femenino,Universitaria,Urbana,1466,8,2,Derecha,Partido A,8,2.5
56,Femenino,Universitaria,Urbana,165,5,10,Derecha,Ninguno,3,4.0
57,Masculino,Posgrado,Urbana,756,7,10,Derecha,Partido C,3,0.1
31,Masculino,Universitaria,Rural,1216,5,4,Centro,Ninguno,7,1.7
49,Masculino,Secundaria,Urbana,1640,8,8,Centro,Partido B,5,3.8
55,Masculino,Primaria,Urbana,403,5,10,Derecha,Partido B,3,1.0
50,Femenino,Universitaria,Urbana,1193,4,9,Centro,Ninguno,7,0.7
40,Femenino,Universitaria,Rural,261,3,6,Izquierda,Partido A,3,3.2
32,Femenino,Posgrado,Urbana,1816,5,4,Centro,Partido C,0,0.8
50,Femenino,Secundaria,Urbana,1345,5,9,Centro,Ninguno,9,0.0
42,Masculino,Universitaria,Urbana,392,3,7,Derecha,Ninguno,3,6.4
34,Femenino,Universitaria,Rural,388,4,5,Centro,Ninguno,3,1.8
50,Masculino,Universitaria,Urbana,1432,4,9,Centro,Partido C,3,3.4
19,Femenino,Universitaria,Urbana,2025,3,1,Derecha,Partido A,5,3.5
31,Femenino,Universitaria,Urbana,542,7,4,Derecha,Partido A,4,0.1
57,Masculino,Secundaria,Urbana,1672,7,10,Centro,Partido B,8,0.4
57,Masculino,Universitaria,Urbana,875,7,10,Izquierda,Partido C,10,0.7
56,Otro,Universitaria,Rural,1694,5,10,Centro,Partido A,3,0.8
23,Masculino,Universitaria,Rural,1610,5,2,Centro,Partido A,2,2.2
23,Masculino,Universitaria,Urbana,1293,3,2,Izquierda,Partido C,3,2.0
20,Masculino,Secundaria,Rural,100,6,1,Izquierda,Ninguno,6,1.4
24,Femenino,Secundaria,Urbana,1609,5,2,Derecha,Ninguno,5,0.5
25,Femenino,Posgrado,Rural,1501,10,2,Centro,Ninguno,3,1.0
59,Femenino,Universitaria,Rural,1446,7,11,Centro,Ninguno,1,1.6
32,Masculino,Posgrado,Urbana,1317,6,4,Izquierda,Partido C,0,1.3
46,Femenino,Secundaria,Rural,673,5,8,Centro,Ninguno,2,0.3
50,Masculino,Universitaria,Urbana,1850,7,9,Derecha,Partido C,9,2.1
47,Femenino,Universitaria,Urbana,1739,3,8,Izquierda,Ninguno,6,0.2
56,Femenino,Posgrado,Urbana,555,7,10,Izquierda,Ninguno,4,1.0
44,Masculino,Secundaria,Urbana,1989,3,7,Centro,Ninguno,7,2.5
53,Masculino,Universitaria,Rural,1279,4,9,Derecha,Partido B,1,0.0
46,Masculino,Universitaria,Rural,1277,1,8,Centro,Partido A,5,1.7
55,Masculino,Primaria,Urbana,1094,6,10,Izquierda,Partido A,0,0.8
50,Masculino,Universitaria,Rural,1153,5,9,Centro,Partido A,6,0.0
54,Femenino,Universitaria,Rural,2023,4,10,Derecha,Partido A,6,0.4
44,Femenino,Posgrado,Urbana,1820,3,7,Izquierda,Partido A,6,5.7
50,Masculino,Secundaria,Urbana,1807,8,9,Centro,Partido B,9,1.5
21,Masculino,Secundaria,Urbana,1311,5,1,Centro,Partido C,7,11.8
39,Masculino,Primaria,Urbana,1734,3,6,Izquierda,Partido C,1,1.5
19,Femenino,Secundaria,Rural,699,9,1,Derecha,Partido A,9,1.6
27,Masculino,Secundaria,Urbana,1550,4,3,Derecha,Partido C,4,1.0
