edad,genero,frecuencia_compras_mensual,promedio_gasto_compra,tiempo_navegacion_promedio_min,usa_dispositivo_movil,categorias_preferidas,calificacion_servicio,responde_promociones,pais
47,Masculino,1,69.99,26,Sí,Tecnología,3.7,A veces,Perú
48,Femenino,7,50.95,22,Sí,Belleza,4.6,A veces,Perú
55,Masculino,4,75.48,15,Sí,Tecnología,3.6,A veces,Ecuador
28,Masculino,2,116.92,10,Sí,Belleza,4.0,Nunca,Argentina
52,Masculino,7,48.57,21,Sí,Hogar,5.0,A veces,Ecuador
25,Masculino,1,48.57,18,Sí,Ropa,4.4,Nunca,México
20,Masculino,4,120.25,22,No,Hogar,4.4,Nunca,Ecuador
31,Femenino,2,80.14,20,No,Ropa,2.5,A veces,Argentina
30,Femenino,3,43.18,23,Sí,Deportes,5.0,Siempre,Ecuador
62,Femenino,1,71.61,11,Sí,Tecnología,5.0,A veces,Colombia
49,Femenino,3,43.31,26,Sí,Tecnología,3.3,Siempre,Ecuador
51,Masculino,1,43.26,17,No,Deportes,5.0,A veces,Ecuador
62,Masculino,3,61.62,32,Sí,Belleza,4.3,Nunca,Argentina
36,Masculino,6,20.98,9,Sí,Deportes,4.0,Nunca,México
55,Masculino,3,23.05,29,Sí,Deportes,5.0,A veces,México
33,Femenino,2,41.22,17,Sí,Ropa,3.5,A veces,Argentina
19,Femenino,1,32.9,10,No,Deportes,3.3,A veces,Argentina
57,Masculino,4,63.89,11,Sí,Tecnología,4.2,Nunca,Argentina
34,Masculino,4,34.67,12,Sí,Hogar,4.5,Nunca,Colombia
51,Femenino,3,26.95,18,Sí,Ropa,5.0,Nunca,Perú
59,Femenino,1,113.62,19,Sí,Ropa,3.8,Siempre,Ecuador
33,Masculino,4,48.77,10,Sí,Belleza,3.2,A veces,Argentina
55,Femenino,2,56.47,15,Sí,Hogar,5.0,A veces,Argentina
19,Femenino,4,26.78,32,No,Ropa,2.9,Siempre,Argentina
19,Masculino,1,41.59,29,Sí,Deportes,4.1,Nunca,México
43,Masculino,5,57.71,18,Sí,Ropa,4.8,Nunca,Argentina
30,Femenino,3,30.71,15,No,Ropa,5.0,Siempre,Ecuador
64,Femenino,1,65.88,16,Sí,Ropa,3.4,Siempre,Argentina
48,Femenino,2,40.43,20,Sí,Belleza,2.1,A veces,Ecuador
51,Masculino,1,47.19,7,Sí,Ropa,3.4,Nunca,Colombia
56,Masculino,5,40.41,13,No,Ropa,4.9,A veces,Perú
20,Femenino,1,137.85,2,Sí,Belleza,4.6,Siempre,México
25,Femenino,3,54.23,18,No,Hogar,4.7,Siempre,Ecuador
40,Masculino,2,32.17,20,Sí,Tecnología,4.7,A veces,Colombia
31,Femenino,3,82.37,11,Sí,Belleza,5.0,Nunca,Perú
44,Femenino,2,29.65,28,Sí,Belleza,3.2,A veces,Perú
46,Femenino,5,60.61,5,Sí,Ropa,2.8,A veces,Perú
56,Femenino,4,20.49,3,Sí,Ropa,4.4,Siempre,Ecuador
56,Femenino,5,28.1,17,Sí,Tecnología,3.0,A veces,Colombia
18,Masculino,2,60.25,23,No,Ropa,2.7,A veces,Argentina
34,Femenino,3,78.98,28,Sí,Deportes,5.0,A veces,Colombia
58,Masculino,2,59.48,11,Sí,Ropa,4.3,A veces,Colombia
47,Femenino,1,51.53,24,Sí,Ropa,4.0,Nunca,Colombia
30,Masculino,3,46.97,15,Sí,Deportes,4.0,Siempre,Ecuador
38,Femenino,1,26.07,14,Sí,Tecnología,3.9,A veces,Ecuador
36,Masculino,7,38.09,22,Sí,Deportes,5.0,A veces,Ecuador
36,Masculino,6,43.37,20,Sí,Belleza,2.5,A veces,Colombia
42,Masculino,3,92.63,2,Sí,Deportes,2.4,A veces,Ecuador
39,Masculino,4,64.83,27,Sí,Hogar,3.1,Nunca,Perú
48,Femenino,1,22.61,26,No,Belleza,4.3,A veces,Ecuador
34,Femenino,1,64.2,10,No,Ropa,5.0,Siempre,México
40,Femenino,2,45.04,18,Sí,Belleza,4.9,A veces,Ecuador
49,Masculino,3,38.92,19,Sí,Tecnología,4.6,A veces,Ecuador
27,Masculino,3,74.13,17,Sí,Tecnología,3.9,A veces,Ecuador
27,Masculino,1,91.42,11,Sí,Deportes,2.7,A veces,Ecuador
53,Masculino,4,86.98,10,Sí,Belleza,4.5,Siempre,México
25,Femenino,1,35.89,15,Sí,Ropa,5.0,A veces,Argentina
69,Masculino,3,46.78,24,Sí,Tecnología,3.8,A veces,Ecuador
37,Masculino,3,64.43,19,Sí,Ropa,3.4,A veces,Perú
49,Masculino,1,88.92,12,Sí,Hogar,3.8,A veces,México
67,Masculino,2,42.97,21,Sí,Tecnología,4.6,A veces,Argentina
31,Femenino,4,49.76,1,Sí,Deportes,4.1,A veces,Ecuador
67,Femenino,2,31.4,24,No,Hogar,4.9,Nunca,Argentina
45,Masculino,0,30.02,1,Sí,Belleza,4.0,A veces,Perú
63,Masculino,4,81.96,12,Sí,Ropa,3.8,A veces,México
69,Masculino,0,107.57,6,Sí,Tecnología,4.2,A veces,México
41,Masculino,2,52.67,5,No,Hogar,3.5,Nunca,Argentina
32,Masculino,5,90.18,24,Sí,Hogar,5.0,Nunca,Ecuador
39,Femenino,1,65.42,11,Sí,Tecnología,4.8,A veces,Colombia
47,Femenino,5,39.55,18,No,Belleza,2.9,Siempre,México
21,Femenino,4,65.41,15,Sí,Belleza,3.3,Nunca,Colombia
30,Masculino,4,117.8,19,Sí,Deportes,4.6,A veces,México
40,Masculino,3,53.63,16,Sí,Belleza,4.2,A veces,Ecuador
25,Femenino,6,119.38,5,Sí,Deportes,4.3,Nunca,Ecuador
35,Femenino,2,14.73,23,Sí,Hogar,3.8,A veces,México
29,Femenino,4,82.35,11,Sí,Tecnología,4.5,Siempre,Argentina
48,Masculino,2,57.03,3,Sí,Belleza,3.8,Nunca,Ecuador
31,Femenino,5,47.02,12,Sí,Deportes,4.6,A veces,Ecuador
51,Masculino,3,57.16,27,Sí,Hogar,4.8,A veces,Perú
35,Femenino,3,20.21,22,Sí,Belleza,5.0,A veces,Ecuador
51,Femenino,3,48.92,12,Sí,Ropa,3.5,A veces,Perú
28,Femenino,1,65.27,12,No,Hogar,4.0,A veces,Ecuador
58,Masculino,3,114.31,12,Sí,Belleza,2.8,A veces,Ecuador
29,Femenino,6,42.13,32,Sí,Hogar,5.0,A veces,Argentina
66,Masculino,3,36.44,18,Sí,Tecnología,2.0,Nunca,Argentina
32,Masculino,1,42.48,18,Sí,Tecnología,5.0,A veces,Ecuador
48,Masculino,3,86.29,23,Sí,Tecnología,4.1,Nunca,México
66,Femenino,3,64.35,17,Sí,Ropa,4.4,Nunca,México
46,Masculino,2,41.89,13,Sí,Tecnología,3.8,A veces,Ecuador
43,Masculino,3,70.57,13,Sí,Ropa,4.0,A veces,México
35,Femenino,0,57.31,14,Sí,Tecnología,4.6,Nunca,Ecuador
49,Masculino,8,88.62,15,Sí,Hogar,2.4,A veces,Argentina
39,Femenino,1,38.44,21,Sí,Belleza,3.3,Siempre,Colombia
55,Masculino,1,46.35,15,Sí,Belleza,3.2,A veces,Perú
34,Masculino,3,44.88,21,Sí,Tecnología,4.4,Nunca,México
40,Femenino,2,26.27,14,Sí,Belleza,4.0,Siempre,México
41,Masculino,2,63.31,16,Sí,Tecnología,4.6,Siempre,Argentina
67,Masculino,3,62.21,1,Sí,Tecnología,4.2,A veces,México
25,Femenino,4,54.74,22,Sí,Deportes,5.0,Nunca,Ecuador
58,Femenino,3,48.56,18,No,Deportes,3.3,A veces,Ecuador
23,Femenino,7,26.91,23,Sí,Deportes,4.1,A veces,Colombia
22,Masculino,3,44.24,1,Sí,Ropa,5.0,Siempre,Colombia
61,Masculino,3,46.0,32,No,Deportes,4.9,A veces,Colombia
46,Femenino,3,36.56,14,Sí,Tecnología,2.5,Siempre,Ecuador
45,Femenino,5,50.37,24,Sí,Hogar,3.0,A veces,Colombia
28,Femenino,5,66.82,7,Sí,Deportes,3.9,A veces,Colombia
18,Femenino,4,140.2,20,Sí,Deportes,3.8,Nunca,Ecuador
60,Femenino,4,59.58,7,Sí,Hogar,3.9,A veces,Argentina
36,Masculino,2,62.1,10,Sí,Tecnología,4.8,A veces,México
26,Masculino,6,52.6,30,Sí,Ropa,4.3,Nunca,Perú
44,Femenino,3,20.92,13,Sí,Deportes,4.3,A veces,Ecuador
51,Masculino,2,53.88,17,Sí,Hogar,4.7,A veces,Ecuador
61,Masculino,6,56.27,22,Sí,Tecnología,5.0,Nunca,Perú
21,Femenino,4,187.1,19,Sí,Belleza,1.0,A veces,Perú
53,Femenino,3,49.59,16,Sí,Ropa,3.6,A veces,Colombia
35,Masculino,3,63.48,18,Sí,Hogar,3.1,A veces,Perú
32,Masculino,6,53.66,34,Sí,Hogar,4.5,Siempre,México
68,Masculino,4,30.44,15,Sí,Hogar,3.5,Siempre,México
30,Femenino,2,96.68,17,Sí,Deportes,4.1,Nunca,México
36,Femenino,1,79.52,23,Sí,Belleza,4.9,A veces,México
66,Masculino,3,81.09,24,Sí,Ropa,3.4,A veces,México
23,Masculino,4,34.65,24,Sí,Tecnología,4.4,A veces,Colombia
65,Femenino,5,110.1,20,Sí,Tecnología,5.0,Nunca,Ecuador
29,Masculino,6,27.09,6,Sí,Belleza,4.8,Nunca,Perú
68,Femenino,2,73.22,28,Sí,Hogar,2.4,A veces,Ecuador
54,Femenino,4,163.24,6,Sí,Hogar,3.7,Nunca,Perú
34,Masculino,4,33.27,17,Sí,Hogar,4.4,Nunca,Colombia
40,Femenino,0,41.13,9,No,Hogar,4.6,A veces,Colombia
43,Masculino,4,57.39,14,Sí,Hogar,3.7,Siempre,Argentina
46,Masculino,5,42.45,18,No,Belleza,3.4,Siempre,Argentina
50,Femenino,2,25.15,18,No,Deportes,4.1,Nunca,Colombia
44,Masculino,5,56.5,18,Sí,Ropa,2.9,Nunca,Colombia
42,Otro,4,32.1,28,Sí,Hogar,5.0,A veces,Perú
27,Femenino,5,69.19,19,Sí,Deportes,5.0,Siempre,Colombia
64,Masculino,2,34.48,13,No,Tecnología,4.4,A veces,Ecuador
40,Masculino,2,118.51,23,Sí,Belleza,3.8,Nunca,Perú
38,Masculino,0,36.91,25,No,Deportes,4.9,Nunca,Colombia
38,Masculino,4,46.48,5,Sí,Hogar,4.8,Siempre,Perú
60,Masculino,1,82.0,20,Sí,Hogar,3.7,A veces,Perú
30,Masculino,2,29.51,21,Sí,Hogar,4.0,Siempre,México
54,Masculino,3,61.17,13,Sí,Deportes,3.4,Nunca,Argentina
50,Femenino,2,104.96,26,Sí,Hogar,4.2,A veces,Perú
41,Femenino,2,24.44,14,Sí,Deportes,4.3,Siempre,Perú
61,Femenino,1,59.88,16,No,Hogar,3.2,Nunca,México
28,Masculino,3,62.17,14,Sí,Tecnología,2.9,Siempre,Colombia
34,Masculino,4,80.71,15,Sí,Tecnología,2.7,Nunca,Perú
21,Femenino,6,29.42,6,Sí,Ropa,4.4,A veces,México
64,Masculino,3,28.21,3,Sí,Hogar,4.0,A veces,Ecuador
42,Masculino,2,70.88,28,Sí,Hogar,3.9,Nunca,México
47,Femenino,3,63.34,8,Sí,Deportes,4.5,A veces,Argentina
26,Femenino,1,61.88,7,Sí,Deportes,3.1,A veces,Argentina
38,Femenino,2,64.92,1,Sí,Hogar,2.9,A veces,Colombia
37,Masculino,1,38.86,10,Sí,Ropa,4.2,Siempre,Colombia
36,Femenino,3,61.32,4,Sí,Hogar,2.3,A veces,Argentina
36,Femenino,4,63.21,28,Sí,Deportes,3.7,Nunca,Argentina
29,Femenino,2,38.2,23,Sí,Hogar,5.0,Nunca,Perú
54,Femenino,2,138.78,9,Sí,Deportes,2.7,Nunca,Argentina
59,Femenino,3,69.19,33,Sí,Hogar,3.6,A veces,Colombia
34,Femenino,2,30.09,23,Sí,Belleza,1.9,Nunca,Argentina
54,Masculino,2,75.81,12,Sí,Deportes,3.8,Nunca,Colombia
65,Femenino,3,33.54,1,No,Ropa,5.0,A veces,Ecuador
56,Femenino,1,80.93,33,No,Belleza,4.5,Siempre,Argentina
45,Femenino,6,97.45,4,Sí,Hogar,3.4,A veces,Colombia
58,Masculino,2,36.22,2,Sí,Deportes,5.0,Nunca,México
52,Masculino,2,88.38,23,No,Belleza,2.3,A veces,Perú
64,Femenino,2,67.11,35,Sí,Ropa,4.5,Nunca,Colombia
65,Femenino,4,82.35,26,Sí,Deportes,4.1,Siempre,Argentina
35,Femenino,1,140.95,20,Sí,Belleza,3.8,Nunca,Argentina
31,Femenino,2,48.29,20,Sí,Belleza,4.8,A veces,Ecuador
52,Femenino,4,37.45,22,No,Belleza,2.8,A veces,México
61,Femenino,3,35.0,21,Sí,Tecnología,4.3,Siempre,Colombia
58,Femenino,3,36.31,17,Sí,Hogar,4.2,Siempre,México
24,Femenino,3,52.53,16,Sí,Deportes,3.1,Nunca,Ecuador
58,Femenino,6,64.75,14,Sí,Deportes,5.0,Nunca,Perú
30,Masculino,3,62.7,9,No,Deportes,3.8,A veces,México
35,Masculino,3,82.57,13,Sí,Belleza,3.9,Siempre,Ecuador
54,Femenino,1,54.95,1,Sí,Hogar,3.0,A veces,Colombia
30,Masculino,2,112.93,14,Sí,Ropa,3.8,Siempre,Perú
53,Masculino,4,47.83,7,No,Deportes,5.0,Siempre,Argentina
48,Masculino,3,212.74,6,Sí,Hogar,3.7,Nunca,Ecuador
19,Masculino,3,74.65,16,Sí,Hogar,4.5,Nunca,Argentina
33,Masculino,2,35.57,26,Sí,Tecnología,5.0,Siempre,Perú
26,Masculino,3,31.96,22,Sí,Deportes,3.8,A veces,Ecuador
26,Femenino,1,69.49,2,Sí,Belleza,3.6,A veces,Ecuador
55,Femenino,2,48.83,7,Sí,Hogar,4.5,Siempre,Perú
28,Masculino,2,78.02,23,Sí,Hogar,3.8,A veces,Colombia
39,Masculino,3,69.17,7,Sí,Ropa,3.7,A veces,Ecuador
50,Femenino,5,52.65,13,Sí,Tecnología,4.9,Siempre,Perú
53,Masculino,3,35.75,19,Sí,Hogar,3.9,A veces,México
62,Femenino,6,25.6,7,Sí,Hogar,5.0,Siempre,Argentina
40,Femenino,2,43.67,16,Sí,Belleza,3.9,A veces,Ecuador
62,Femenino,5,83.78,4,Sí,Belleza,2.7,Siempre,México
62,Masculino,6,60.77,10,Sí,Ropa,1.0,Nunca,Ecuador
51,Femenino,6,29.29,18,Sí,Ropa,2.2,Nunca,Colombia
26,Masculino,3,59.54,2,Sí,Ropa,2.3,Nunca,Perú
41,Femenino,4,66.2,19,No,Belleza,4.3,A veces,Ecuador
25,Femenino,3,35.1,15,Sí,Belleza,3.0,A veces,Perú
24,Masculino,2,58.96,19,No,Tecnología,2.0,A veces,Ecuador
53,Masculino,5,56.21,17,Sí,Deportes,3.9,Siempre,Colombia
35,Masculino,4,30.83,26,Sí,Deportes,2.9,Nunca,Colombia
20,Femenino,2,65.29,16,Sí,Tecnología,4.5,A veces,México
45,Masculino,0,72.27,12,Sí,Deportes,4.4,A veces,Colombia
23,Femenino,0,93.83,16,Sí,Belleza,4.5,A veces,Perú
61,Masculino,5,92.47,19,Sí,Deportes,1.4,A veces,Colombia
61,Femenino,6,27.42,15,No,Belleza,4.0,Nunca,Ecuador
38,Femenino,1,34.16,15,Sí,Tecnología,3.9,A veces,Colombia
45,Femenino,2,70.63,9,No,Ropa,2.8,A veces,Perú
57,Femenino,5,70.59,10,No,Tecnología,1.9,A veces,Ecuador
18,Masculino,4,70.63,4,Sí,Deportes,3.9,Nunca,México
53,Masculino,3,374.79,29,Sí,Belleza,5.0,A veces,México
38,Femenino,2,72.63,5,Sí,Deportes,1.4,A veces,México
60,Masculino,0,96.33,9,No,Deportes,3.2,Siempre,Ecuador
52,Masculino,4,87.97,9,Sí,Ropa,4.1,Nunca,México
30,Masculino,5,75.62,22,Sí,Deportes,5.0,A veces,Colombia
66,Masculino,2,46.64,13,Sí,Ropa,3.7,A veces,Ecuador
27,Masculino,3,79.8,25,No,Belleza,5.0,Nunca,Ecuador
61,Femenino,7,37.1,10,Sí,Belleza,2.2,Nunca,Ecuador
64,Masculino,5,48.5,17,Sí,Ropa,2.0,A veces,Argentina
27,Femenino,3,42.83,8,Sí,Tecnología,5.0,Nunca,Perú
63,Masculino,1,56.88,32,No,Belleza,1.7,Siempre,Argentina
30,Femenino,3,173.7,5,Sí,Tecnología,4.5,Nunca,Argentina
54,Masculino,4,21.46,17,Sí,Belleza,3.7,A veces,Argentina
55,Femenino,1,76.95,20,Sí,Belleza,3.1,A veces,Perú
41,Femenino,3,24.38,18,No,Hogar,3.6,Nunca,Argentina
19,Masculino,3,43.12,14,Sí,Deportes,2.7,Nunca,México
39,Femenino,4,94.11,14,No,Deportes,3.7,A veces,Ecuador
34,Otro,1,56.38,15,Sí,Tecnología,4.0,Nunca,Ecuador
53,Femenino,2,31.85,14,Sí,Deportes,3.6,Siempre,Colombia
31,Femenino,3,38.18,23,Sí,Tecnología,3.4,Nunca,México
27,Masculino,2,76.69,33,No,Belleza,4.3,A veces,Perú
52,Femenino,1,37.89,11,Sí,Hogar,5.0,Siempre,Ecuador
42,Masculino,1,60.84,4,No,Hogar,3.7,A veces,Argentina
20,Masculino,3,55.86,14,Sí,Belleza,4.8,A veces,Colombia
64,Otro,0,39.42,36,Sí,Ropa,3.0,A veces,Colombia
55,Masculino,3,159.49,9,Sí,Ropa,2.7,A veces,Ecuador
34,Femenino,1,74.96,28,Sí,Deportes,4.5,A veces,México
29,Femenino,1,19.83,28,Sí,Tecnología,3.8,Nunca,Colombia
69,Femenino,7,59.93,11,Sí,Hogar,5.0,A veces,Ecuador
41,Otro,3,39.22,20,Sí,Deportes,5.0,A veces,México
46,Masculino,2,83.61,28,No,Belleza,4.8,A veces,Ecuador
60,Masculino,4,36.74,12,Sí,Hogar,4.8,Siempre,Ecuador
42,Masculino,4,51.55,13,Sí,Tecnología,1.0,A veces,México
53,Masculino,0,70.28,10,Sí,Tecnología,4.4,A veces,México
43,Masculino,3,84.17,7,Sí,Ropa,4.9,A veces,México
55,Masculino,3,29.96,10,Sí,Deportes,2.7,A veces,Ecuador
18,Femenino,7,46.19,5,Sí,Belleza,4.0,A veces,Colombia
37,Femenino,3,43.06,15,Sí,Hogar,3.0,A veces,Perú
45,Masculino,2,39.38,9,Sí,Tecnología,5.0,Nunca,Perú
33,Femenino,4,131.99,17,Sí,Hogar,3.0,Siempre,Ecuador
64,Masculino,2,66.85,3,Sí,Belleza,3.2,Nunca,Ecuador
34,Masculino,2,29.07,18,Sí,Hogar,3.5,A veces,Colombia
57,Femenino,3,86.4,22,Sí,Deportes,5.0,Nunca,México
45,Femenino,0,157.76,1,Sí,Ropa,5.0,A veces,Ecuador
29,Femenino,0,91.49,18,Sí,Hogar,5.0,A veces,Argentina
44,Masculino,3,25.54,25,Sí,Ropa,2.2,Nunca,México
59,Femenino,4,42.86,5,Sí,Belleza,2.7,Siempre,Ecuador
64,Femenino,6,102.87,28,Sí,Ropa,5.0,Siempre,Argentina
47,Femenino,4,38.33,18,Sí,Hogar,2.2,A veces,Colombia
58,Femenino,2,68.16,9,Sí,Hogar,3.3,Nunca,Argentina
51,Femenino,2,80.42,15,Sí,Tecnología,5.0,A veces,Ecuador
54,Femenino,8,34.35,19,Sí,Hogar,3.0,A veces,Perú
23,Femenino,4,53.0,16,Sí,Ropa,2.2,Nunca,Ecuador
24,Otro,3,10.8,19,No,Tecnología,4.0,A veces,Perú
49,Femenino,1,32.71,8,Sí,Hogar,2.2,Nunca,Colombia
49,Masculino,2,48.12,16,Sí,Hogar,5.0,A veces,Colombia
42,Femenino,1,29.26,4,No,Belleza,3.1,Nunca,México
50,Masculino,3,123.5,14,Sí,Tecnología,2.9,A veces,México
24,Masculino,4,26.71,8,Sí,Belleza,4.0,A veces,Perú
69,Femenino,0,43.82,9,Sí,Belleza,3.6,A veces,Perú
29,Femenino,2,58.29,25,Sí,Belleza,4.3,A veces,Colombia
33,Femenino,5,112.24,24,Sí,Deportes,4.5,A veces,Argentina
33,Masculino,5,26.63,20,No,Belleza,3.8,A veces,Perú
60,Femenino,3,97.67,6,Sí,Ropa,2.8,A veces,Perú
53,Masculino,1,54.88,12,Sí,Hogar,4.7,A veces,Argentina
30,Otro,3,33.42,25,Sí,Deportes,3.3,A veces,México
24,Otro,2,68.79,16,Sí,Belleza,3.1,Siempre,México
53,Femenino,5,60.31,34,Sí,Hogar,4.1,A veces,Perú
64,Femenino,1,40.44,18,No,Tecnología,2.1,A veces,México
68,Femenino,3,56.54,17,No,Tecnología,4.4,A veces,México
26,Femenino,3,45.03,13,Sí,Hogar,4.2,A veces,México
49,Masculino,4,57.79,16,No,Ropa,5.0,Nunca,Colombia
28,Masculino,2,76.03,14,Sí,Hogar,3.5,A veces,Ecuador
25,Femenino,2,120.66,21,Sí,Hogar,5.0,A veces,Perú
50,Femenino,1,29.4,23,Sí,Deportes,4.5,A veces,Perú
40,Masculino,0,158.62,9,Sí,Tecnología,4.0,Nunca,Colombia
42,Femenino,2,20.57,4,Sí,Tecnología,5.0,A veces,Ecuador
25,Masculino,2,50.61,1,Sí,Belleza,4.1,Nunca,Ecuador
62,Femenino,1,73.27,19,Sí,Hogar,3.5,Siempre,Colombia
39,Femenino,5,62.83,6,Sí,Hogar,4.1,Nunca,Argentina
21,Femenino,7,39.99,1,Sí,Ropa,3.5,A veces,Argentina
57,Femenino,2,49.2,18,No,Tecnología,4.4,A veces,Ecuador
20,Masculino,2,42.67,35,Sí,Ropa,5.0,A veces,Argentina
46,Masculino,2,40.66,15,Sí,Deportes,4.0,Nunca,Argentina
58,Femenino,1,83.5,22,Sí,Belleza,4.1,Nunca,Argentina
46,Femenino,2,65.27,16,Sí,Ropa,4.8,A veces,Ecuador
51,Masculino,2,38.61,14,Sí,Tecnología,5.0,Siempre,Argentina
51,Femenino,5,85.61,22,Sí,Deportes,3.5,A veces,Perú
45,Masculino,0,63.67,13,Sí,Hogar,4.2,A veces,Ecuador
30,Femenino,3,81.98,17,Sí,Deportes,4.8,Siempre,Colombia
32,Femenino,2,74.8,18,Sí,Ropa,4.3,A veces,Argentina
40,Masculino,5,36.07,10,Sí,Tecnología,2.1,Nunca,México
61,Masculino,3,41.26,23,Sí,Ropa,5.0,A veces,Ecuador
43,Femenino,5,79.33,14,Sí,Hogar,4.5,A veces,Colombia
21,Femenino,6,74.08,9,Sí,Hogar,4.6,A veces,Perú
43,Femenino,3,54.03,19,Sí,Tecnología,2.8,Nunca,Colombia
57,Femenino,5,57.9,8,Sí,Belleza,4.2,Nunca,Argentina
26,Femenino,2,103.42,15,No,Deportes,4.8,A veces,México
22,Femenino,0,40.62,15,Sí,Deportes,3.1,Nunca,Argentina
49,Femenino,6,71.78,24,Sí,Hogar,3.4,Nunca,Colombia
37,Masculino,5,49.35,19,Sí,Ropa,4.9,Siempre,Ecuador
67,Masculino,3,48.97,15,Sí,Ropa,3.3,A veces,México
28,Masculino,6,94.57,22,Sí,Belleza,3.8,Nunca,México
32,Femenino,3,82.49,26,No,Ropa,3.0,A veces,Colombia
49,Masculino,1,82.0,19,No,Deportes,5.0,Siempre,Argentina
45,Femenino,0,104.87,15,Sí,Ropa,4.5,A veces,Colombia
39,Femenino,2,55.17,5,Sí,Belleza,3.7,A veces,México
58,Femenino,2,76.78,6,Sí,Deportes,3.6,Nunca,Colombia
34,Masculino,4,46.75,13,Sí,Ropa,2.8,A veces,México
43,Masculino,5,64.21,10,Sí,Deportes,3.9,A veces,Argentina
61,Masculino,1,51.16,14,Sí,Hogar,4.7,Nunca,Ecuador
24,Masculino,4,57.31,15,Sí,Hogar,3.2,A veces,Ecuador
59,Masculino,3,73.52,19,Sí,Hogar,4.1,Siempre,Colombia
43,Femenino,2,36.27,14,Sí,Ropa,3.6,Nunca,México
42,Femenino,3,155.43,19,Sí,Belleza,5.0,A veces,Ecuador
27,Femenino,2,33.02,16,Sí,Deportes,3.4,A veces,México
62,Femenino,3,29.75,1,Sí,Tecnología,4.8,A veces,Argentina
36,Masculino,5,97.42,7,No,Hogar,5.0,Siempre,Colombia
28,Femenino,2,81.11,14,Sí,Hogar,3.6,Nunca,México
30,Femenino,5,74.59,5,Sí,Tecnología,3.4,A veces,Colombia
25,Masculino,1,74.75,20,Sí,Tecnología,4.9,A veces,México
57,Femenino,0,54.26,27,Sí,Ropa,2.2,Siempre,México
21,Masculino,4,34.86,25,Sí,Deportes,4.4,A veces,Argentina
64,Femenino,6,56.71,13,Sí,Hogar,2.4,Nunca,Colombia
48,Otro,4,38.92,27,No,Belleza,5.0,Nunca,Perú
45,Masculino,3,88.9,16,Sí,Ropa,3.7,Nunca,México
28,Femenino,5,50.73,12,Sí,Ropa,3.9,A veces,México
60,Femenino,2,36.13,10,Sí,Belleza,3.3,Nunca,Ecuador
18,Femenino,2,46.49,13,No,Belleza,2.4,A veces,Colombia
66,Masculino,2,67.12,12,Sí,Belleza,5.0,Nunca,Perú
64,Femenino,4,41.19,16,No,Tecnología,3.8,Nunca,Argentina
69,Masculino,3,36.19,16,No,Hogar,5.0,A veces,Perú
55,Masculino,5,61.67,15,Sí,Tecnología,3.2,A veces,Argentina
41,Masculino,2,61.71,18,No,Hogar,3.4,A veces,Perú
64,Femenino,2,42.37,25,No,Tecnología,3.1,A veces,Perú
48,Femenino,3,43.14,23,Sí,Deportes,3.8,Nunca,Colombia
58,Femenino,3,61.32,3,Sí,Hogar,5.0,A veces,Ecuador
63,Femenino,4,26.47,1,Sí,Ropa,5.0,Siempre,Perú
67,Masculino,1,27.01,22,Sí,Hogar,2.5,Siempre,México
43,Masculino,0,38.12,4,Sí,Hogar,5.0,Nunca,México
66,Masculino,1,49.07,13,Sí,Hogar,4.7,A veces,México
67,Masculino,4,63.78,6,Sí,Deportes,4.5,A veces,Ecuador
22,Masculino,3,114.17,1,Sí,Tecnología,3.3,A veces,Perú
37,Masculino,4,83.83,19,Sí,Ropa,3.4,A veces,Argentina
69,Masculino,1,50.4,21,No,Tecnología,4.1,A veces,Argentina
58,Masculino,5,54.08,10,Sí,Tecnología,3.4,Nunca,Colombia
28,Masculino,3,33.07,1,Sí,Belleza,5.0,A veces,Ecuador
50,Masculino,4,54.1,11,Sí,Deportes,3.4,A veces,Perú
67,Femenino,4,47.26,18,Sí,Belleza,2.1,Siempre,México
55,Femenino,4,64.16,3,No,Deportes,2.7,Siempre,Ecuador
44,Femenino,1,36.1,16,Sí,Tecnología,2.8,A veces,Ecuador
51,Masculino,4,70.79,15,Sí,Tecnología,3.7,A veces,Perú
32,Masculino,3,117.49,20,No,Deportes,4.2,A veces,Colombia
49,Femenino,2,51.71,16,No,Tecnología,4.1,Siempre,Colombia
38,Masculino,5,66.74,7,Sí,Tecnología,4.5,Siempre,Colombia
63,Masculino,4,77.1,25,Sí,Ropa,3.7,Nunca,México
22,Masculino,3,44.67,14,Sí,Belleza,3.8,A veces,México
23,Masculino,4,61.07,15,Sí,Belleza,5.0,Nunca,Perú
55,Masculino,4,54.94,8,Sí,Belleza,5.0,Nunca,Colombia
39,Masculino,3,57.33,11,Sí,Hogar,4.4,A veces,Perú
35,Femenino,1,37.1,8,No,Ropa,4.9,Nunca,Colombia
31,Masculino,2,55.27,14,Sí,Belleza,2.1,A veces,Ecuador
27,Masculino,0,70.04,29,Sí,Belleza,3.2,A veces,Argentina
63,Femenino,4,112.79,4,No,Ropa,3.6,A veces,Argentina
30,Masculino,1,88.2,2,Sí,Tecnología,3.2,A veces,Colombia
48,Masculino,5,160.23,27,No,Belleza,2.5,A veces,Perú
47,Femenino,1,37.2,13,No,Tecnología,4.4,A veces,México
20,Masculino,4,84.45,10,Sí,Belleza,5.0,A veces,Colombia
47,Masculino,1,59.84,23,Sí,Deportes,4.0,Siempre,Colombia
23,Masculino,6,163.19,10,Sí,Hogar,4.6,Siempre,México
46,Masculino,4,36.45,30,Sí,Belleza,4.0,Siempre,Colombia
25,Femenino,1,35.88,20,Sí,Deportes,3.6,Siempre,Ecuador
61,Femenino,3,40.46,11,Sí,Ropa,4.9,A veces,México
62,Masculino,3,18.88,32,No,Deportes,2.6,A veces,Ecuador
60,Femenino,4,41.98,10,Sí,Ropa,2.1,Siempre,Argentina
61,Femenino,2,37.35,21,Sí,Belleza,2.6,Nunca,México
50,Masculino,4,58.86,17,Sí,Ropa,4.9,Nunca,México
34,Femenino,3,64.77,25,Sí,Deportes,4.1,A veces,Perú
65,Masculino,3,139.5,27,No,Hogar,4.4,Nunca,Perú
28,Masculino,2,87.81,15,Sí,Tecnología,5.0,A veces,México
30,Masculino,4,40.92,9,Sí,Tecnología,2.8,Siempre,Argentina
67,Masculino,3,34.84,19,Sí,Hogar,5.0,Nunca,Colombia
28,Masculino,1,69.82,10,Sí,Tecnología,3.6,Siempre,Perú
48,Femenino,1,28.22,31,Sí,Belleza,3.5,Nunca,Argentina
45,Masculino,2,136.42,16,Sí,Belleza,4.1,A veces,Argentina
61,Masculino,2,98.47,12,Sí,Deportes,4.2,A veces,Perú
23,Masculino,1,43.18,16,No,Deportes,3.8,A veces,Colombia
58,Femenino,6,23.18,4,No,Ropa,4.6,A veces,Perú
33,Femenino,2,107.44,7,Sí,Deportes,4.1,Siempre,Argentina
21,Femenino,5,51.56,25,No,Belleza,3.8,A veces,Ecuador
52,Femenino,7,101.38,10,Sí,Deportes,3.6,Nunca,Perú
65,Femenino,5,24.6,7,Sí,Tecnología,4.2,A veces,Argentina
43,Masculino,4,40.46,19,Sí,Ropa,2.6,A veces,Perú
29,Femenino,3,54.74,24,Sí,Ropa,2.9,A veces,Argentina
28,Femenino,4,55.9,21,Sí,Belleza,3.6,Nunca,Colombia
54,Otro,1,43.6,23,Sí,Deportes,4.5,A veces,Argentina
42,Femenino,2,74.55,9,Sí,Tecnología,5.0,A veces,México
35,Masculino,4,32.01,4,Sí,Deportes,3.8,Nunca,Ecuador
36,Masculino,1,50.85,27,Sí,Hogar,2.2,A veces,Argentina
40,Masculino,4,57.98,12,Sí,Deportes,3.2,A veces,Perú
55,Femenino,6,70.61,13,No,Belleza,4.7,Nunca,Perú
35,Femenino,3,77.93,26,Sí,Deportes,3.0,Nunca,Argentina
43,Masculino,1,31.11,19,Sí,Ropa,2.7,A veces,México
23,Femenino,2,25.35,19,Sí,Tecnología,4.7,Siempre,Argentina
21,Masculino,4,103.42,32,Sí,Belleza,4.5,Nunca,Colombia
61,Femenino,3,64.47,10,Sí,Hogar,2.5,A veces,México
68,Masculino,1,37.55,22,Sí,Tecnología,3.1,Nunca,Argentina
46,Masculino,7,118.58,15,No,Tecnología,5.0,Siempre,Ecuador
51,Masculino,2,57.85,17,Sí,Ropa,4.9,A veces,México
34,Femenino,5,98.46,27,No,Ropa,2.8,Siempre,Argentina
60,Masculino,6,56.47,19,Sí,Ropa,2.0,Nunca,Ecuador
60,Masculino,1,152.99,19,Sí,Belleza,4.3,Nunca,Argentina
33,Femenino,0,131.32,24,No,Deportes,3.7,A veces,Colombia
19,Masculino,2,48.21,12,Sí,Tecnología,4.2,Nunca,Perú
51,Femenino,3,88.75,8,Sí,Deportes,4.6,Siempre,Argentina
25,Femenino,5,75.39,7,Sí,Deportes,3.0,Siempre,México
30,Masculino,0,108.24,1,No,Ropa,3.6,Nunca,Argentina
59,Femenino,0,33.7,31,Sí,Deportes,3.1,Nunca,Argentina
25,Masculino,3,76.94,6,Sí,Tecnología,3.1,Nunca,Argentina
47,Femenino,4,92.69,13,Sí,Tecnología,4.6,Nunca,Argentina
49,Masculino,3,22.66,13,No,Hogar,4.1,A veces,México
53,Femenino,4,30.22,17,Sí,Belleza,2.4,A veces,México
64,Masculino,3,19.7,22,Sí,Deportes,4.7,Nunca,Argentina
47,Femenino,5,47.72,22,Sí,Belleza,3.6,A veces,Perú
18,Masculino,6,78.16,10,Sí,Belleza,4.8,A veces,Argentina
60,Masculino,3,115.72,14,Sí,Belleza,3.0,A veces,México
56,Masculino,4,56.66,17,Sí,Belleza,3.1,A veces,Colombia
34,Masculino,1,123.26,13,Sí,Tecnología,4.3,Nunca,Argentina
37,Femenino,3,27.38,28,Sí,Deportes,2.9,Siempre,Argentina
41,Masculino,3,23.3,19,No,Hogar,3.7,Nunca,Argentina
67,Femenino,2,53.1,21,Sí,Belleza,2.8,A veces,Argentina
39,Femenino,4,66.16,20,No,Hogar,3.6,A veces,Ecuador
46,Femenino,3,53.71,24,Sí,Tecnología,4.0,A veces,Argentina
39,Masculino,5,19.42,16,No,Tecnología,4.0,A veces,México
61,Masculino,3,52.22,5,Sí,Ropa,3.6,A veces,México
26,Femenino,3,28.44,18,Sí,Belleza,4.3,A veces,Ecuador
54,Masculino,2,76.31,10,No,Ropa,4.1,A veces,Argentina
27,Masculino,0,65.58,11,No,Hogar,3.9,A veces,Perú
53,Femenino,4,34.13,20,Sí,Deportes,3.4,Siempre,Argentina
54,Femenino,3,42.23,25,Sí,Ropa,5.0,Siempre,México
45,Femenino,2,32.15,15,Sí,Tecnología,4.4,A veces,Colombia
45,Masculino,4,52.91,17,Sí,Belleza,3.0,Siempre,Colombia
59,Femenino,6,88.02,29,Sí,Hogar,4.6,Nunca,Perú
60,Masculino,4,33.35,17,Sí,Tecnología,4.9,A veces,Argentina
38,Masculino,4,70.25,36,No,Deportes,3.9,Nunca,Ecuador
41,Femenino,2,41.88,20,Sí,Belleza,4.0,Nunca,Argentina
59,Masculino,1,36.73,1,Sí,Deportes,1.9,Siempre,Perú
57,Masculino,1,51.75,21,Sí,Deportes,3.2,Nunca,Perú
19,Masculino,1,32.54,18,Sí,Belleza,4.8,A veces,Perú
25,Femenino,4,41.4,25,Sí,Belleza,3.2,Nunca,Colombia
65,Femenino,3,30.0,20,Sí,Deportes,3.8,Nunca,Argentina
44,Femenino,4,145.82,14,Sí,Hogar,3.1,Siempre,Argentina
39,Femenino,4,55.57,5,No,Belleza,4.2,A veces,Ecuador
54,Masculino,2,38.48,13,Sí,Tecnología,4.4,A veces,Perú
44,Masculino,6,60.76,8,Sí,Ropa,4.4,A veces,Perú
46,Masculino,3,51.62,10,Sí,Hogar,2.9,A veces,México
20,Masculino,1,48.89,20,No,Belleza,4.1,A veces,México
61,Masculino,3,74.22,28,Sí,Belleza,5.0,A veces,Colombia
30,Femenino,2,79.74,18,Sí,Hogar,4.7,A veces,Argentina
62,Masculino,2,41.88,5,Sí,Ropa,4.1,Nunca,Ecuador
27,Masculino,3,40.94,19,No,Deportes,2.1,Nunca,Ecuador
53,Masculino,3,47.58,25,Sí,Tecnología,3.8,A veces,Perú
26,Masculino,3,17.27,10,Sí,Belleza,5.0,Siempre,Ecuador
44,Femenino,3,25.6,14,No,Ropa,5.0,Siempre,Perú
51,Masculino,6,108.14,15,Sí,Tecnología,4.5,A veces,Argentina
68,Masculino,6,124.27,9,Sí,Hogar,3.3,Nunca,Ecuador
18,Femenino,3,48.21,20,Sí,Belleza,4.1,A veces,Perú
49,Masculino,3,72.84,14,Sí,Deportes,4.8,A veces,Argentina
42,Masculino,3,63.79,18,Sí,Hogar,4.9,Nunca,Argentina
46,Masculino,2,254.54,8,Sí,Belleza,4.3,Nunca,Perú
24,Femenino,3,95.56,12,Sí,Ropa,4.9,A veces,Perú
66,Otro,3,51.22,21,Sí,Tecnología,3.9,Siempre,Colombia
20,Femenino,3,33.86,12,No,Tecnología,3.9,A veces,Argentina
37,Masculino,1,24.45,29,Sí,Belleza,3.5,A veces,Perú
37,Femenino,4,60.44,12,Sí,Hogar,4.4,Nunca,Argentina
47,Masculino,1,37.41,17,Sí,Deportes,5.0,Siempre,Ecuador
52,Masculino,4,26.81,22,Sí,Ropa,4.7,Siempre,México
52,Masculino,2,39.52,4,Sí,Belleza,2.8,Nunca,México
66,Masculino,2,31.79,1,Sí,Ropa,2.8,Nunca,Perú
56,Femenino,5,126.92,3,No,Tecnología,5.0,Nunca,Perú
44,Femenino,4,84.84,25,Sí,Deportes,4.2,A veces,Argentina
43,Femenino,1,54.38,11,No,Ropa,4.2,A veces,Perú
31,Femenino,1,114.43,35,No,Belleza,4.2,Siempre,Argentina
34,Femenino,5,56.75,10,Sí,Deportes,5.0,Siempre,Perú
35,Masculino,3,35.49,16,Sí,Hogar,3.6,A veces,Argentina
62,Masculino,1,116.93,27,No,Belleza,5.0,A veces,Perú
69,Femenino,1,71.48,31,No,Ropa,4.2,Siempre,Colombia
46,Masculino,5,32.5,31,Sí,Deportes,2.4,Nunca,Argentina
37,Femenino,4,49.64,25,Sí,Belleza,3.2,Siempre,Colombia
44,Masculino,4,35.24,23,Sí,Deportes,3.4,Nunca,Colombia
35,Masculino,1,27.35,20,No,Deportes,5.0,A veces,Colombia
21,Masculino,0,86.76,21,Sí,Deportes,5.0,Nunca,Colombia
18,Masculino,4,141.84,11,Sí,Ropa,4.4,Siempre,Ecuador
67,Masculino,2,27.13,8,No,Belleza,3.5,Nunca,México
18,Femenino,4,72.35,15,Sí,Tecnología,3.1,Siempre,Ecuador
43,Masculino,1,39.44,14,Sí,Tecnología,5.0,A veces,Perú
62,Femenino,1,42.8,11,Sí,Ropa,2.7,Nunca,Perú
37,Masculino,4,40.6,21,No,Ropa,3.9,Siempre,México
69,Masculino,2,35.45,23,Sí,Deportes,5.0,A veces,México
40,Masculino,1,55.94,16,Sí,Belleza,3.5,Nunca,México
27,Femenino,1,36.04,27,Sí,Belleza,2.7,Nunca,Colombia
28,Masculino,3,62.5,6,Sí,Hogar,2.2,Siempre,Ecuador
58,Femenino,4,53.24,13,Sí,Hogar,5.0,Siempre,Perú
58,Masculino,2,48.45,9,Sí,Tecnología,4.3,Siempre,Ecuador
22,Femenino,2,34.68,1,Sí,Hogar,3.1,Siempre,Ecuador
18,Masculino,4,40.92,14,No,Hogar,3.8,Nunca,Ecuador
34,Femenino,3,79.65,14,No,Tecnología,3.3,A veces,México
39,Femenino,1,70.14,27,Sí,Tecnología,2.1,A veces,México
51,Femenino,1,33.49,20,Sí,Hogar,4.8,Nunca,Perú
62,Masculino,3,57.38,7,Sí,Belleza,4.0,A veces,Perú
58,Masculino,2,79.49,30,No,Hogar,4.7,A veces,Perú
46,Masculino,3,23.7,25,Sí,Deportes,4.0,A veces,Ecuador
21,Femenino,2,71.64,20,Sí,Deportes,4.1,A veces,México
22,Femenino,6,39.2,13,Sí,Deportes,1.8,A veces,Colombia
28,Femenino,7,72.62,7,Sí,Ropa,4.9,Siempre,Ecuador
68,Masculino,4,37.28,12,Sí,Deportes,2.9,A veces,Argentina
38,Masculino,2,22.14,24,Sí,Belleza,3.2,Siempre,Ecuador
52,Masculino,2,24.2,30,Sí,Ropa,3.5,Siempre,México
29,Femenino,0,55.93,27,Sí,Ropa,1.9,A veces,Argentina
43,Femenino,5,62.17,11,Sí,Deportes,3.4,A veces,Ecuador
68,Femenino,2,34.74,6,Sí,Hogar,3.3,A veces,México
36,Masculino,4,75.14,16,Sí,Tecnología,3.6,A veces,México
62,Femenino,4,23.79,1,Sí,Hogar,2.3,A veces,Colombia
24,Femenino,4,52.82,18,Sí,Hogar,4.9,Siempre,Ecuador
64,Masculino,5,29.8,14,Sí,Ropa,4.4,A veces,México
24,Femenino,3,39.41,11,Sí,Ropa,3.1,Nunca,Perú
43,Femenino,3,55.91,2,Sí,Ropa,3.4,Siempre,México
57,Femenino,5,35.51,19,Sí,Belleza,4.8,Nunca,Colombia
22,Femenino,4,45.05,11,Sí,Belleza,3.7,Nunca,México
38,Masculino,3,90.3,6,No,Tecnología,2.8,Siempre,Ecuador
31,Masculino,4,40.92,1,Sí,Ropa,3.9,Siempre,Ecuador
21,Femenino,3,82.92,15,Sí,Deportes,2.9,Nunca,Argentina
40,Masculino,3,31.04,29,Sí,Ropa,3.3,Siempre,Ecuador
59,Femenino,4,71.16,28,Sí,Belleza,3.9,Nunca,Argentina
37,Femenino,3,112.26,11,Sí,Ropa,5.0,A veces,Perú
32,Femenino,1,15.87,10,Sí,Belleza,5.0,A veces,Colombia
67,Otro,3,36.66,19,Sí,Ropa,5.0,Siempre,Perú
69,Masculino,2,72.86,7,Sí,Deportes,3.9,A veces,Argentina
62,Masculino,2,49.33,17,Sí,Tecnología,5.0,A veces,México
46,Masculino,4,65.73,21,No,Deportes,4.6,A veces,México
25,Masculino,4,40.37,25,No,Belleza,3.0,Nunca,Perú
58,Masculino,1,57.01,14,Sí,Hogar,4.1,Nunca,México
65,Masculino,7,50.51,13,Sí,Deportes,3.3,A veces,Argentina
36,Femenino,3,97.89,8,Sí,Ropa,2.8,Nunca,Colombia
65,Femenino,2,62.0,8,Sí,Tecnología,2.8,Nunca,Ecuador
56,Masculino,6,64.64,13,Sí,Ropa,3.9,Nunca,Argentina
63,Masculino,0,44.44,18,Sí,Ropa,4.8,A veces,Argentina
45,Femenino,6,42.79,22,Sí,Deportes,5.0,Nunca,Ecuador
63,Masculino,3,43.98,9,Sí,Tecnología,2.8,A veces,Ecuador
44,Masculino,3,66.5,27,Sí,Hogar,3.7,A veces,Colombia
21,Masculino,5,44.23,13,Sí,Ropa,4.5,Nunca,Colombia
32,Femenino,5,63.11,15,No,Tecnología,4.2,Siempre,Colombia
52,Masculino,2,154.12,9,Sí,Hogar,4.7,Siempre,México
54,Femenino,4,84.4,1,Sí,Ropa,3.6,Nunca,Argentina
18,Masculino,3,46.39,22,Sí,Tecnología,5.0,Siempre,Ecuador
20,Femenino,6,99.54,21,Sí,Deportes,4.0,Nunca,Argentina
64,Masculino,1,44.52,13,Sí,Ropa,4.8,Nunca,Argentina
41,Masculino,3,19.71,16,Sí,Ropa,3.6,Siempre,Colombia
44,Femenino,5,32.98,19,Sí,Tecnología,4.1,A veces,Colombia
57,Femenino,3,21.43,2,Sí,Ropa,2.4,Nunca,Argentina
53,Femenino,2,45.8,11,Sí,Hogar,3.2,A veces,Colombia
51,Femenino,0,55.1,21,Sí,Ropa,3.8,Nunca,México
46,Femenino,1,126.24,5,Sí,Belleza,4.1,Nunca,Ecuador
41,Femenino,4,64.29,17,Sí,Hogar,5.0,A veces,Argentina
41,Femenino,6,48.93,4,Sí,Tecnología,3.6,Siempre,Ecuador
59,Masculino,2,82.66,19,Sí,Hogar,2.6,Nunca,México
21,Masculino,4,18.07,15,No,Belleza,5.0,A veces,Colombia
20,Masculino,1,61.42,2,Sí,Belleza,5.0,Siempre,Perú
51,Femenino,1,80.27,24,Sí,Ropa,2.8,Nunca,México
66,Masculino,9,26.07,9,Sí,Ropa,4.5,Nunca,Perú
40,Masculino,2,96.73,9,No,Deportes,4.8,A veces,Ecuador
69,Femenino,2,64.67,17,No,Hogar,4.2,A veces,Argentina
40,Femenino,3,44.36,24,Sí,Deportes,4.3,A veces,Colombia
62,Femenino,4,74.92,7,Sí,Belleza,3.4,Nunca,México
22,Masculino,2,169.92,15,Sí,Ropa,4.5,Nunca,Colombia
48,Femenino,1,59.8,18,Sí,Ropa,3.5,Nunca,Perú
58,Masculino,2,61.81,21,Sí,Ropa,1.4,A veces,Perú
23,Masculino,1,43.39,16,Sí,Tecnología,4.2,Nunca,Argentina
54,Masculino,0,35.7,12,Sí,Belleza,2.3,Nunca,Perú
27,Masculino,3,82.7,8,Sí,Ropa,5.0,Siempre,Argentina
57,Masculino,2,35.59,16,No,Belleza,2.9,Siempre,México
24,Femenino,6,56.59,6,Sí,Ropa,1.5,Nunca,Argentina
56,Masculino,2,43.0,1,Sí,Hogar,2.2,Siempre,Perú
55,Femenino,2,69.37,18,Sí,Belleza,4.0,Siempre,Ecuador
38,Femenino,2,64.51,22,No,Deportes,4.2,Siempre,Argentina
37,Masculino,6,91.72,1,No,Tecnología,2.6,A veces,Colombia
20,Femenino,1,42.31,7,Sí,Deportes,2.9,A veces,Ecuador
68,Masculino,4,47.71,20,Sí,Belleza,4.0,A veces,Argentina
39,Femenino,4,33.47,31,No,Ropa,5.0,Nunca,Colombia
64,Masculino,2,43.72,15,Sí,Belleza,2.8,Nunca,Ecuador
21,Masculino,3,65.93,9,Sí,Tecnología,4.4,Nunca,Argentina
45,Masculino,0,79.72,14,Sí,Belleza,2.3,Siempre,México
29,Femenino,3,34.43,26,Sí,Ropa,4.3,Nunca,Colombia
55,Femenino,4,84.34,10,Sí,Deportes,4.8,Nunca,México
68,Masculino,2,107.54,9,No,Hogar,4.5,A veces,Perú
53,Femenino,4,67.14,11,Sí,Deportes,5.0,A veces,Argentina
64,Femenino,0,139.55,7,Sí,Ropa,4.9,A veces,Argentina
58,Femenino,2,37.08,16,Sí,Ropa,5.0,Nunca,Colombia
22,Femenino,4,29.3,28,Sí,Tecnología,4.1,A veces,Argentina
30,Femenino,4,22.44,18,Sí,Belleza,5.0,Nunca,Perú
40,Femenino,2,115.36,13,Sí,Belleza,3.1,A veces,Argentina
67,Femenino,3,75.73,13,Sí,Deportes,3.8,A veces,Ecuador
47,Masculino,4,53.1,2,Sí,Hogar,3.9,Nunca,México
54,Masculino,4,62.8,22,Sí,Hogar,3.0,Siempre,Perú
42,Masculino,3,31.1,14,Sí,Tecnología,1.6,A veces,Perú
65,Femenino,3,185.47,14,No,Ropa,4.9,Nunca,México
44,Femenino,3,58.24,41,Sí,Tecnología,3.1,Nunca,México
68,Masculino,2,57.67,17,Sí,Belleza,3.6,A veces,Perú
31,Femenino,3,78.48,9,Sí,Ropa,5.0,A veces,México
65,Masculino,4,69.44,12,Sí,Tecnología,4.6,A veces,Colombia
64,Masculino,5,61.07,24,Sí,Deportes,5.0,Nunca,México
53,Otro,5,36.77,16,Sí,Belleza,4.1,A veces,Ecuador
56,Masculino,1,69.11,3,Sí,Hogar,4.6,A veces,Ecuador
33,Masculino,5,139.91,22,Sí,Tecnología,3.8,Siempre,Colombia
39,Femenino,4,106.99,10,Sí,Belleza,3.2,Nunca,México
38,Femenino,2,121.1,30,Sí,Belleza,4.6,Nunca,Ecuador
38,Masculino,2,42.28,24,Sí,Hogar,3.6,Nunca,Argentina
25,Femenino,1,33.29,11,Sí,Hogar,4.6,A veces,México
66,Femenino,3,51.27,25,Sí,Hogar,3.4,Nunca,Colombia
33,Masculino,5,56.14,16,Sí,Tecnología,3.8,A veces,México
48,Masculino,1,94.36,22,Sí,Hogar,3.9,A veces,Perú
59,Femenino,2,23.42,19,Sí,Deportes,5.0,Nunca,Perú
27,Masculino,3,117.3,8,Sí,Belleza,3.6,A veces,Ecuador
49,Femenino,3,50.45,10,Sí,Hogar,5.0,A veces,Perú
51,Femenino,3,44.1,23,No,Belleza,3.1,Nunca,Colombia
26,Otro,3,32.92,12,No,Ropa,4.3,A veces,Ecuador
34,Masculino,5,23.87,12,Sí,Ropa,3.3,Siempre,Colombia
28,Femenino,4,82.4,7,Sí,Hogar,5.0,A veces,Colombia
49,Masculino,3,56.64,18,Sí,Belleza,3.2,A veces,Perú
27,Masculino,5,28.65,32,Sí,Ropa,3.3,Nunca,Perú
39,Masculino,4,28.57,6,Sí,Hogar,2.7,Siempre,Colombia
34,Masculino,1,46.16,15,Sí,Belleza,4.1,Nunca,Perú
21,Femenino,3,125.78,26,Sí,Hogar,4.6,Siempre,Perú
65,Masculino,3,47.95,14,No,Belleza,4.5,A veces,Perú
69,Masculino,1,25.75,19,Sí,Ropa,3.9,A veces,México
64,Femenino,5,48.29,7,No,Hogar,3.3,Nunca,Colombia
42,Masculino,3,47.64,18,Sí,Ropa,3.7,Siempre,Argentina
38,Femenino,2,14.18,14,Sí,Hogar,3.8,Nunca,Colombia
54,Masculino,3,53.14,23,Sí,Tecnología,4.3,A veces,Ecuador
55,Femenino,3,48.64,24,Sí,Ropa,4.2,Nunca,Perú
66,Femenino,3,77.33,36,Sí,Ropa,5.0,Nunca,Perú
18,Masculino,1,137.62,20,Sí,Deportes,4.0,Nunca,Argentina
42,Masculino,5,95.9,18,Sí,Ropa,4.4,Nunca,Ecuador
68,Masculino,1,47.73,17,Sí,Belleza,4.1,A veces,México
53,Femenino,4,31.4,12,No,Hogar,3.7,Nunca,Colombia
34,Masculino,2,197.69,18,Sí,Tecnología,4.4,A veces,México
58,Masculino,3,56.24,13,No,Belleza,3.6,Siempre,Ecuador
41,Masculino,4,54.98,16,Sí,Belleza,3.9,A veces,Argentina
19,Masculino,3,53.94,26,Sí,Belleza,5.0,A veces,Ecuador
57,Masculino,8,60.28,7,Sí,Belleza,3.5,A veces,Argentina
32,Femenino,2,50.8,24,Sí,Tecnología,4.4,A veces,México
49,Masculino,2,40.98,26,No,Deportes,1.5,A veces,México
56,Masculino,1,41.54,14,Sí,Ropa,3.8,A veces,Ecuador
23,Femenino,1,53.71,1,Sí,Belleza,3.5,Siempre,Ecuador
18,Femenino,5,41.61,10,Sí,Ropa,4.1,Nunca,Perú
64,Masculino,2,38.23,25,Sí,Ropa,3.8,Nunca,Argentina
40,Masculino,0,57.58,15,Sí,Belleza,4.1,Nunca,Perú
56,Masculino,2,48.06,7,Sí,Deportes,3.6,A veces,Colombia
34,Femenino,5,115.82,11,Sí,Ropa,4.4,A veces,Colombia
51,Masculino,4,14.51,22,Sí,Hogar,2.3,Nunca,Ecuador
58,Femenino,4,94.23,19,No,Ropa,4.1,Nunca,México
46,Femenino,4,101.8,13,Sí,Belleza,3.1,Nunca,Colombia
26,Femenino,4,19.36,12,Sí,Tecnología,5.0,A veces,Colombia
30,Masculino,1,46.0,12,Sí,Ropa,3.0,A veces,Perú
23,Masculino,3,45.34,8,Sí,Deportes,5.0,Nunca,Perú
23,Masculino,1,27.01,28,Sí,Hogar,4.0,A veces,Colombia
37,Masculino,4,37.01,12,Sí,Hogar,2.2,A veces,Ecuador
69,Femenino,4,31.33,25,Sí,Tecnología,3.1,Nunca,Perú
20,Femenino,3,131.12,27,Sí,Tecnología,4.8,Nunca,Colombia
34,Femenino,3,87.17,23,Sí,Ropa,4.8,A veces,México
66,Femenino,3,103.11,12,Sí,Belleza,2.7,A veces,Perú
29,Masculino,4,78.32,18,Sí,Deportes,5.0,Nunca,Colombia
65,Masculino,2,31.05,15,Sí,Hogar,4.0,A veces,Argentina
64,Masculino,3,42.0,8,No,Tecnología,4.9,Nunca,Perú
62,Femenino,4,69.73,18,Sí,Deportes,2.8,Nunca,Argentina
18,Femenino,5,29.63,6,No,Belleza,3.5,Nunca,Perú
34,Femenino,2,77.98,25,Sí,Hogar,4.4,Nunca,Perú
20,Masculino,2,48.42,11,Sí,Hogar,3.7,A veces,Argentina
43,Masculino,1,45.27,17,Sí,Belleza,1.1,A veces,Ecuador
32,Femenino,2,77.9,17,Sí,Hogar,3.8,A veces,Colombia
53,Masculino,4,68.18,13,Sí,Belleza,2.0,Siempre,Ecuador
49,Femenino,2,45.58,20,Sí,Hogar,2.9,A veces,Ecuador
49,Femenino,2,97.48,11,No,Ropa,2.6,Siempre,Colombia
21,Femenino,4,31.8,22,Sí,Belleza,5.0,Nunca,México
35,Masculino,3,74.29,4,Sí,Deportes,5.0,A veces,Ecuador
66,Masculino,4,73.45,16,Sí,Ropa,4.3,Siempre,Ecuador
36,Masculino,1,46.77,31,Sí,Deportes,3.8,Siempre,Ecuador
60,Masculino,3,64.27,7,Sí,Hogar,4.0,A veces,México
69,Masculino,6,29.21,10,Sí,Deportes,5.0,Siempre,Perú
52,Femenino,3,86.66,19,Sí,Ropa,2.0,A veces,Argentina
57,Femenino,1,49.78,16,Sí,Belleza,2.9,Siempre,Argentina
31,Masculino,3,42.04,18,No,Tecnología,5.0,Nunca,México
50,Masculino,6,92.25,19,Sí,Deportes,5.0,Nunca,Ecuador
31,Masculino,4,38.39,20,Sí,Tecnología,4.6,Nunca,Argentina
51,Masculino,4,27.0,24,No,Deportes,3.0,A veces,México
21,Femenino,1,25.07,18,Sí,Deportes,5.0,A veces,Colombia
41,Masculino,5,73.92,13,Sí,Belleza,5.0,A veces,Argentina
46,Masculino,0,28.78,20,Sí,Hogar,4.7,A veces,Colombia
36,Masculino,5,131.29,30,Sí,Ropa,1.5,A veces,Ecuador
23,Femenino,2,19.28,14,Sí,Ropa,4.1,Siempre,Argentina
50,Femenino,0,127.51,7,Sí,Ropa,4.6,Nunca,México
66,Masculino,3,60.67,24,Sí,Hogar,3.5,A veces,Perú
57,Femenino,6,52.02,14,Sí,Tecnología,4.2,A veces,Argentina
36,Femenino,3,41.58,1,Sí,Ropa,3.5,A veces,Argentina
18,Femenino,2,66.66,22,No,Tecnología,3.1,A veces,Argentina
22,Masculino,2,53.58,11,Sí,Hogar,5.0,Nunca,Argentina
44,Femenino,2,94.79,14,Sí,Hogar,4.2,A veces,México
33,Femenino,3,57.81,18,Sí,Belleza,2.9,A veces,México
23,Femenino,7,58.86,17,No,Ropa,2.6,A veces,Perú
57,Femenino,0,45.52,21,Sí,Belleza,3.1,Siempre,México
30,Femenino,3,53.07,12,Sí,Ropa,3.1,A veces,México
65,Masculino,3,63.68,19,No,Hogar,4.1,Nunca,Ecuador
52,Femenino,4,23.22,13,Sí,Hogar,4.5,Nunca,Ecuador
36,Femenino,3,27.82,21,No,Deportes,4.5,Nunca,Colombia
29,Femenino,3,79.17,20,Sí,Deportes,3.2,A veces,Perú
33,Masculino,3,59.47,8,Sí,Hogar,4.9,Siempre,Ecuador
60,Femenino,3,49.8,24,No,Hogar,5.0,A veces,Perú
27,Femenino,7,55.1,11,Sí,Tecnología,3.7,Nunca,Perú
42,Masculino,2,64.96,21,Sí,Tecnología,3.0,Nunca,Argentina
37,Femenino,2,41.68,18,Sí,Belleza,4.1,Nunca,Perú
48,Femenino,3,37.0,30,No,Deportes,5.0,A veces,Argentina
21,Femenino,3,60.22,13,Sí,Deportes,2.9,Siempre,Colombia
61,Masculino,4,33.48,12,Sí,Hogar,3.5,Siempre,Colombia
40,Masculino,2,66.96,15,Sí,Hogar,4.1,Siempre,Colombia
19,Femenino,3,23.31,13,Sí,Belleza,4.5,A veces,Argentina
39,Masculino,3,91.34,21,Sí,Deportes,2.0,A veces,Argentina
68,Femenino,3,69.15,2,Sí,Tecnología,5.0,Nunca,Colombia
54,Masculino,2,62.05,7,Sí,Ropa,5.0,A veces,Argentina
25,Femenino,3,89.24,6,Sí,Belleza,3.6,A veces,México
24,Masculino,1,125.55,23,Sí,Ropa,5.0,Siempre,México
31,Femenino,5,90.67,29,Sí,Tecnología,5.0,Siempre,Argentina
20,Masculino,4,21.75,14,No,Tecnología,5.0,Nunca,Argentina
67,Masculino,3,28.8,14,No,Ropa,5.0,A veces,Ecuador
33,Masculino,4,39.95,16,Sí,Belleza,5.0,A veces,Ecuador
36,Masculino,3,55.32,24,Sí,Ropa,4.0,Nunca,Perú
68,Femenino,3,70.73,8,Sí,Belleza,3.9,A veces,Perú
35,Femenino,4,37.98,17,Sí,Belleza,3.1,A veces,Perú
69,Masculino,3,59.94,23,Sí,Hogar,3.4,Nunca,Colombia
33,Femenino,4,37.42,19,Sí,Deportes,3.7,Nunca,México
25,Masculino,2,40.22,17,Sí,Deportes,4.1,A veces,Colombia
50,Femenino,5,27.02,23,No,Tecnología,5.0,A veces,Argentina
66,Femenino,4,34.41,1,Sí,Hogar,1.9,A veces,Ecuador
29,Femenino,2,27.78,20,Sí,Deportes,5.0,Nunca,Argentina
28,Masculino,3,33.52,10,Sí,Belleza,3.0,A veces,Argentina
22,Femenino,4,92.46,1,No,Belleza,3.9,Nunca,Ecuador
44,Masculino,4,33.96,19,Sí,Ropa,3.3,Nunca,Argentina
29,Otro,4,203.61,26,Sí,Ropa,5.0,Nunca,Perú
34,Masculino,5,69.87,14,Sí,Belleza,3.5,A veces,Ecuador
23,Femenino,2,59.88,23,Sí,Belleza,4.5,Siempre,Argentina
50,Femenino,3,35.55,28,Sí,Ropa,4.6,A veces,Perú
22,Femenino,3,77.49,26,Sí,Deportes,2.8,Nunca,Perú
45,Masculino,3,40.94,28,Sí,Tecnología,3.9,A veces,México
31,Femenino,2,58.03,21,Sí,Ropa,5.0,Siempre,Perú
22,Masculino,3,196.38,16,Sí,Deportes,3.1,Siempre,Colombia
50,Femenino,2,52.04,2,No,Deportes,4.8,A veces,Ecuador
67,Masculino,6,96.99,13,Sí,Deportes,3.7,Siempre,Ecuador
65,Masculino,4,38.41,8,Sí,Hogar,5.0,Siempre,Ecuador
58,Femenino,2,53.65,32,Sí,Hogar,5.0,A veces,Argentina
36,Masculino,1,132.34,14,Sí,Deportes,2.0,Siempre,Argentina
39,Masculino,4,39.91,16,Sí,Belleza,2.7,Siempre,Colombia
22,Masculino,4,135.13,19,Sí,Hogar,3.6,Nunca,Perú
19,Masculino,2,77.78,15,No,Ropa,5.0,Nunca,Argentina
47,Femenino,6,41.21,29,No,Hogar,4.5,A veces,Perú
64,Femenino,3,74.9,10,Sí,Belleza,2.8,Siempre,Perú
56,Masculino,0,88.79,17,Sí,Tecnología,4.7,Nunca,Argentina
21,Masculino,3,74.51,9,Sí,Hogar,3.1,A veces,Argentina
50,Masculino,1,24.9,4,Sí,Deportes,4.9,Siempre,Colombia
30,Masculino,2,37.96,10,Sí,Deportes,4.5,Siempre,México
37,Femenino,3,48.24,15,Sí,Deportes,3.1,Siempre,Ecuador
24,Femenino,2,52.6,12,No,Tecnología,3.9,A veces,Argentina
32,Masculino,3,74.47,9,Sí,Belleza,5.0,Nunca,Argentina
40,Masculino,3,59.67,4,No,Ropa,2.1,Nunca,Perú
31,Masculino,2,28.0,14,Sí,Belleza,4.3,A veces,México
40,Femenino,5,66.03,3,Sí,Tecnología,2.9,A veces,Argentina
36,Femenino,1,74.09,21,Sí,Deportes,4.0,A veces,México
46,Masculino,3,72.23,16,Sí,Belleza,4.5,A veces,Ecuador
37,Masculino,3,93.73,3,Sí,Ropa,5.0,A veces,Perú
46,Femenino,3,82.84,13,Sí,Deportes,4.0,A veces,Colombia
41,Femenino,4,68.69,9,Sí,Ropa,5.0,Nunca,Ecuador
35,Masculino,4,52.72,18,No,Hogar,3.2,A veces,México
27,Masculino,1,23.8,26,Sí,Ropa,3.5,Nunca,México
58,Masculino,4,67.68,1,Sí,Deportes,4.6,A veces,Ecuador
25,Femenino,2,60.57,16,No,Hogar,4.2,A veces,México
43,Masculino,1,62.54,14,Sí,Deportes,3.7,Siempre,Colombia
46,Masculino,3,28.84,20,Sí,Deportes,3.6,A veces,Colombia
27,Femenino,4,31.8,17,Sí,Hogar,5.0,Nunca,México
34,Masculino,0,92.44,9,Sí,Ropa,3.7,A veces,México
19,Femenino,4,53.53,12,No,Tecnología,3.0,Siempre,Colombia
23,Masculino,3,76.77,9,Sí,Tecnología,3.1,Siempre,México
22,Masculino,4,55.38,24,Sí,Tecnología,4.7,A veces,Argentina
45,Femenino,0,55.42,15,Sí,Tecnología,5.0,A veces,Perú
58,Masculino,2,87.28,30,Sí,Belleza,3.5,A veces,Argentina
22,Femenino,6,42.18,15,Sí,Tecnología,5.0,Nunca,México
35,Femenino,4,57.29,9,No,Hogar,4.0,Nunca,México
43,Masculino,4,43.33,3,Sí,Tecnología,3.7,A veces,Perú
37,Femenino,2,43.94,1,Sí,Deportes,3.1,Siempre,México
58,Masculino,1,46.78,2,Sí,Tecnología,3.8,Siempre,Perú
66,Femenino,2,61.01,17,Sí,Ropa,3.2,A veces,Colombia
44,Masculino,3,42.98,19,Sí,Hogar,3.2,Nunca,Perú
66,Femenino,2,102.3,2,No,Hogar,2.3,Nunca,Perú
29,Masculino,4,34.91,22,Sí,Belleza,5.0,A veces,Argentina
24,Masculino,3,49.73,11,Sí,Deportes,5.0,Siempre,México
20,Femenino,3,43.82,16,Sí,Hogar,4.3,Nunca,Colombia
27,Femenino,1,112.56,28,Sí,Ropa,3.9,Nunca,Ecuador
51,Masculino,3,60.24,22,Sí,Tecnología,4.0,A veces,Perú
42,Masculino,4,91.46,13,Sí,Hogar,3.2,Siempre,Ecuador
52,Femenino,3,25.98,8,Sí,Ropa,2.9,A veces,México
33,Femenino,2,62.4,1,No,Tecnología,4.7,Nunca,Perú
19,Masculino,2,85.18,9,Sí,Belleza,3.7,A veces,Ecuador
41,Masculino,4,56.89,13,Sí,Hogar,4.3,Nunca,Argentina
27,Masculino,1,93.01,7,Sí,Hogar,2.3,Siempre,Ecuador
55,Femenino,4,42.16,14,Sí,Ropa,3.7,Siempre,Argentina
39,Masculino,1,110.46,16,No,Deportes,2.8,Siempre,Colombia
43,Masculino,2,172.34,13,No,Belleza,4.5,Nunca,México
60,Femenino,1,45.54,10,Sí,Deportes,5.0,A veces,Ecuador
56,Masculino,1,43.7,16,No,Hogar,5.0,Nunca,Perú
44,Femenino,2,112.92,19,Sí,Deportes,3.4,Siempre,México
46,Masculino,4,120.28,6,No,Tecnología,2.9,Nunca,Ecuador
64,Masculino,3,42.04,26,Sí,Belleza,3.6,Nunca,Perú
55,Masculino,4,44.25,14,Sí,Deportes,3.3,A veces,Perú
37,Femenino,2,47.42,15,Sí,Tecnología,4.4,Nunca,Perú
44,Masculino,3,27.88,21,No,Ropa,2.6,A veces,Perú
58,Femenino,5,34.49,17,Sí,Deportes,2.2,A veces,Ecuador
37,Femenino,5,33.05,23,Sí,Belleza,3.7,A veces,Colombia
61,Femenino,3,37.19,17,Sí,Tecnología,4.7,Nunca,Argentina
36,Masculino,4,53.66,10,Sí,Deportes,3.0,Nunca,Argentina
37,Masculino,4,61.38,18,Sí,Ropa,4.8,A veces,Argentina
52,Masculino,3,118.54,6,No,Deportes,4.4,Nunca,Colombia
64,Masculino,2,33.14,16,Sí,Tecnología,5.0,A veces,Perú
19,Masculino,3,89.31,15,No,Deportes,3.2,Nunca,Perú
47,Femenino,3,49.06,13,Sí,Belleza,2.4,A veces,México
51,Masculino,5,53.26,14,Sí,Hogar,4.6,A veces,Argentina
39,Masculino,3,76.51,1,Sí,Tecnología,4.3,A veces,Argentina
20,Masculino,2,31.14,11,Sí,Tecnología,4.2,Siempre,Perú
23,Femenino,4,66.1,16,Sí,Tecnología,3.0,A veces,Argentina
32,Masculino,4,59.34,16,Sí,Tecnología,4.8,A veces,Perú
44,Femenino,1,69.84,7,Sí,Deportes,3.4,A veces,Perú
27,Masculino,5,63.09,25,Sí,Belleza,4.2,Nunca,Perú
26,Femenino,2,186.35,8,Sí,Ropa,3.5,Siempre,Ecuador
50,Femenino,1,39.69,23,Sí,Belleza,4.4,Nunca,Ecuador
49,Masculino,2,41.87,18,Sí,Tecnología,2.8,A veces,Ecuador
65,Masculino,5,39.98,10,Sí,Deportes,4.5,Siempre,Ecuador
23,Masculino,4,41.36,29,Sí,Deportes,4.7,A veces,Colombia
58,Masculino,5,39.7,5,Sí,Tecnología,4.1,Nunca,México
53,Femenino,4,98.94,22,Sí,Deportes,5.0,Nunca,México
19,Femenino,1,111.08,23,Sí,Tecnología,4.2,A veces,Perú
46,Femenino,2,41.04,10,Sí,Belleza,4.9,Siempre,Argentina
21,Femenino,1,36.01,26,Sí,Hogar,4.1,A veces,Ecuador
18,Masculino,4,69.11,13,Sí,Deportes,4.8,A veces,México
36,Masculino,2,41.43,17,Sí,Tecnología,2.5,Nunca,México
43,Femenino,2,74.92,17,Sí,Tecnología,4.0,Siempre,Ecuador
42,Masculino,3,60.43,14,Sí,Deportes,2.9,A veces,Colombia
27,Femenino,4,25.59,21,Sí,Ropa,4.1,Nunca,Colombia
32,Masculino,2,118.36,21,Sí,Tecnología,4.4,Nunca,México
39,Masculino,3,134.01,1,Sí,Deportes,4.8,A veces,Colombia
68,Otro,4,40.19,25,Sí,Tecnología,4.5,A veces,Ecuador
65,Masculino,2,44.98,2,Sí,Ropa,3.7,Siempre,México
38,Otro,3,62.99,23,No,Hogar,3.2,A veces,Ecuador
39,Femenino,2,64.54,24,No,Ropa,1.7,A veces,Colombia
53,Femenino,5,75.89,6,Sí,Belleza,4.1,Nunca,Ecuador
51,Femenino,7,149.17,12,Sí,Deportes,5.0,Nunca,Colombia
47,Femenino,4,49.98,6,Sí,Ropa,4.1,A veces,Colombia
42,Femenino,2,36.63,13,Sí,Hogar,3.9,A veces,Ecuador
62,Masculino,0,27.39,13,Sí,Tecnología,4.1,A veces,Colombia
45,Masculino,3,37.88,21,Sí,Deportes,3.6,A veces,Perú
18,Femenino,3,53.7,25,Sí,Ropa,4.2,Siempre,Ecuador
66,Masculino,2,133.92,26,Sí,Hogar,3.6,A veces,Perú
62,Masculino,1,42.15,11,No,Ropa,3.1,A veces,Ecuador
21,Masculino,7,61.06,13,Sí,Belleza,3.9,A veces,Colombia
24,Femenino,4,54.15,2,No,Deportes,3.9,Siempre,Colombia
66,Femenino,7,98.91,9,No,Tecnología,5.0,Siempre,México
26,Masculino,4,193.15,23,Sí,Hogar,3.2,Siempre,México
53,Femenino,2,41.87,28,Sí,Ropa,3.8,A veces,Perú
36,Femenino,2,42.75,5,Sí,Deportes,3.7,A veces,Colombia
18,Femenino,4,92.03,10,Sí,Ropa,3.6,A veces,México
27,Femenino,2,76.78,15,Sí,Deportes,4.5,A veces,Colombia
53,Femenino,5,137.46,17,Sí,Belleza,5.0,Nunca,Ecuador
26,Masculino,4,73.11,9,Sí,Ropa,3.7,Siempre,México
62,Femenino,0,45.62,18,Sí,Belleza,4.5,A veces,Perú
63,Masculino,0,73.36,11,Sí,Hogar,2.1,A veces,México
59,Femenino,4,95.05,15,Sí,Belleza,3.6,A veces,Colombia
49,Otro,2,82.29,19,Sí,Deportes,5.0,Nunca,Argentina
49,Masculino,2,70.36,15,Sí,Hogar,3.9,Nunca,Argentina
23,Masculino,5,93.07,12,Sí,Ropa,4.5,A veces,Colombia
65,Femenino,3,97.97,14,Sí,Ropa,3.4,A veces,Ecuador
55,Masculino,4,108.97,14,Sí,Deportes,4.3,A veces,México
34,Femenino,0,75.52,12,Sí,Tecnología,5.0,Siempre,Argentina
27,Masculino,2,50.22,13,No,Tecnología,2.8,A veces,Ecuador
67,Masculino,3,58.75,28,Sí,Ropa,5.0,A veces,Colombia
44,Femenino,3,99.81,19,Sí,Deportes,2.5,A veces,Ecuador
67,Femenino,2,36.29,13,Sí,Tecnología,3.5,A veces,Colombia
52,Femenino,3,65.65,21,No,Belleza,3.2,Nunca,México
69,Masculino,2,44.85,12,Sí,Ropa,3.7,Siempre,Ecuador
38,Femenino,2,55.39,24,Sí,Belleza,3.2,Siempre,México
42,Femenino,4,103.46,18,Sí,Deportes,3.1,A veces,Ecuador
45,Femenino,4,60.07,14,Sí,Belleza,2.8,A veces,Colombia
64,Femenino,1,55.88,19,Sí,Tecnología,4.6,Nunca,Colombia
32,Femenino,4,27.66,2,Sí,Tecnología,3.8,A veces,Ecuador
21,Masculino,1,79.29,6,No,Hogar,3.5,Nunca,Colombia
46,Masculino,5,75.4,5,Sí,Ropa,4.3,A veces,Perú
26,Femenino,1,161.04,16,Sí,Deportes,2.5,Nunca,Perú
44,Masculino,4,46.81,29,Sí,Ropa,4.3,Nunca,México
43,Femenino,3,60.92,33,Sí,Belleza,3.9,A veces,Perú
36,Masculino,2,61.85,20,No,Deportes,3.9,A veces,Perú
45,Femenino,2,120.15,19,Sí,Deportes,4.5,Nunca,Argentina
34,Femenino,1,52.06,1,Sí,Tecnología,5.0,Siempre,Argentina
60,Masculino,2,62.77,11,Sí,Belleza,4.3,A veces,Argentina
58,Masculino,1,73.99,9,No,Tecnología,3.8,Siempre,Argentina
59,Masculino,3,59.94,10,Sí,Tecnología,2.8,Siempre,Colombia
67,Femenino,1,43.68,14,Sí,Hogar,1.6,Siempre,México
37,Femenino,1,60.16,11,Sí,Tecnología,4.1,A veces,México
62,Masculino,2,93.39,1,Sí,Ropa,2.7,A veces,Perú
57,Femenino,5,32.68,21,No,Deportes,1.5,A veces,México
56,Masculino,6,58.35,6,Sí,Tecnología,3.6,Nunca,Perú
66,Masculino,2,38.47,17,Sí,Ropa,4.2,A veces,México
40,Femenino,3,99.24,32,Sí,Belleza,4.7,Nunca,Ecuador
64,Masculino,5,25.49,8,Sí,Deportes,5.0,Nunca,Ecuador
49,Masculino,5,41.29,1,Sí,Belleza,4.9,Nunca,México
69,Masculino,0,65.93,13,No,Ropa,4.9,Nunca,Colombia
64,Masculino,3,119.43,24,Sí,Belleza,2.5,Nunca,Perú
50,Masculino,3,52.83,31,No,Belleza,3.9,Nunca,México
63,Masculino,1,41.36,5,Sí,Belleza,4.6,A veces,Perú
22,Femenino,1,139.85,19,Sí,Tecnología,4.0,A veces,Argentina
60,Masculino,0,26.47,11,Sí,Tecnología,3.8,Nunca,México
65,Femenino,3,18.18,14,Sí,Tecnología,4.0,A veces,Colombia
51,Masculino,2,68.03,36,No,Deportes,4.2,Nunca,Argentina
57,Masculino,1,42.48,3,No,Ropa,3.9,Nunca,México
28,Femenino,6,32.77,17,Sí,Tecnología,3.2,A veces,Ecuador
67,Femenino,0,77.8,19,Sí,Belleza,2.3,Nunca,México
20,Masculino,1,61.68,24,Sí,Belleza,3.8,Siempre,Ecuador
50,Femenino,3,41.18,16,No,Belleza,4.1,A veces,Ecuador
28,Femenino,2,28.78,17,No,Belleza,4.0,A veces,México
33,Femenino,2,84.46,12,Sí,Hogar,5.0,A veces,México
35,Femenino,6,75.57,17,Sí,Deportes,5.0,A veces,Ecuador
47,Masculino,3,51.96,12,Sí,Ropa,3.9,A veces,Perú
65,Masculino,1,137.46,20,Sí,Ropa,3.9,A veces,Argentina
27,Femenino,3,31.98,12,Sí,Tecnología,4.6,Nunca,Colombia
35,Masculino,4,25.46,18,Sí,Hogar,4.4,A veces,México
55,Femenino,0,38.63,15,Sí,Ropa,3.6,A veces,Argentina
36,Masculino,2,53.37,24,Sí,Deportes,4.7,A veces,Argentina
53,Masculino,1,61.66,15,No,Belleza,3.9,Nunca,Perú
30,Femenino,3,48.39,1,Sí,Tecnología,3.9,Nunca,Argentina
63,Masculino,5,65.11,25,Sí,Deportes,4.4,A veces,México
20,Femenino,4,29.2,8,Sí,Ropa,3.7,Siempre,Argentina
27,Femenino,2,112.38,10,Sí,Hogar,4.1,Nunca,México
55,Femenino,3,52.4,10,Sí,Tecnología,4.3,A veces,México
18,Femenino,3,95.45,26,Sí,Ropa,4.8,Siempre,Ecuador
44,Femenino,5,64.8,1,Sí,Tecnología,4.7,A veces,Perú
63,Femenino,1,68.61,40,Sí,Ropa,4.3,A veces,Colombia
25,Femenino,4,72.59,23,Sí,Belleza,1.4,Nunca,Ecuador
68,Masculino,0,68.3,17,Sí,Hogar,4.2,A veces,Colombia
63,Masculino,2,75.29,15,Sí,Belleza,4.4,A veces,México
59,Masculino,2,106.12,17,Sí,Ropa,4.6,Siempre,Ecuador
34,Masculino,1,60.24,19,Sí,Deportes,3.0,Nunca,Argentina
26,Femenino,4,77.83,20,Sí,Belleza,1.9,Nunca,Argentina
23,Femenino,5,52.2,19,Sí,Deportes,4.8,Nunca,Colombia
60,Femenino,2,112.17,16,Sí,Ropa,2.8,A veces,México
42,Masculino,4,38.93,13,No,Hogar,5.0,A veces,Colombia
56,Femenino,4,134.35,14,Sí,Deportes,3.4,Nunca,Perú
66,Masculino,2,53.51,13,Sí,Ropa,3.0,Siempre,Argentina
45,Femenino,2,26.7,24,Sí,Deportes,4.3,Nunca,Ecuador
50,Femenino,3,58.21,20,Sí,Belleza,4.6,A veces,Ecuador
54,Masculino,3,38.84,1,Sí,Ropa,4.6,A veces,Ecuador
26,Masculino,3,83.12,20,Sí,Belleza,4.5,A veces,Argentina
35,Masculino,4,39.4,17,Sí,Tecnología,3.3,Nunca,México
38,Femenino,5,43.68,15,No,Ropa,2.5,Nunca,Argentina
19,Femenino,4,21.23,12,Sí,Deportes,3.6,A veces,Argentina
60,Femenino,4,43.55,24,Sí,Tecnología,2.9,A veces,Ecuador
55,Masculino,2,16.25,23,No,Belleza,4.4,Nunca,Argentina
57,Masculino,2,24.73,9,Sí,Belleza,4.9,A veces,Ecuador
53,Femenino,5,79.85,18,Sí,Deportes,4.2,Nunca,México
67,Femenino,2,80.87,7,Sí,Tecnología,4.0,A veces,Perú
60,Masculino,1,67.54,4,Sí,Hogar,3.7,A veces,Ecuador
54,Masculino,2,33.67,10,Sí,Deportes,5.0,Siempre,Colombia
32,Femenino,4,53.31,22,Sí,Belleza,2.2,A veces,Perú
45,Masculino,2,54.5,23,Sí,Ropa,2.8,A veces,México
35,Masculino,4,30.59,19,Sí,Tecnología,5.0,Siempre,Perú
51,Masculino,1,115.78,21,No,Hogar,2.7,Siempre,Ecuador
39,Femenino,3,84.66,19,Sí,Ropa,4.5,A veces,México
28,Femenino,5,48.89,10,Sí,Tecnología,4.7,A veces,Colombia
30,Femenino,4,55.34,18,No,Deportes,2.1,Nunca,Ecuador
21,Femenino,1,60.59,21,Sí,Deportes,2.3,Siempre,Ecuador
39,Femenino,2,19.67,21,Sí,Tecnología,5.0,A veces,México
24,Masculino,2,48.25,25,Sí,Hogar,3.0,A veces,México
60,Femenino,7,38.82,21,Sí,Tecnología,3.1,A veces,Perú
41,Masculino,2,33.09,18,Sí,Ropa,3.5,Nunca,Colombia
21,Femenino,3,47.44,24,Sí,Ropa,3.0,A veces,Perú
45,Masculino,3,134.13,15,No,Deportes,4.5,Nunca,Perú
32,Masculino,6,75.22,8,No,Tecnología,2.8,A veces,Ecuador
18,Masculino,2,41.03,14,No,Deportes,2.0,A veces,México
20,Masculino,2,72.7,9,No,Hogar,5.0,A veces,Ecuador
